Date,Time,Height,Flood
2019-10-24,07,77.75,0
2019-10-24,08,77.7505,0
2019-10-24,09,77.7495,0
2019-10-24,10,77.7485,0
2019-10-24,11,77.74625,0
2019-10-24,12,77.748,0
2019-10-24,13,77.75025,0
2019-10-24,14,77.72675,0
2019-10-24,15,77.72,0
2019-10-24,16,77.72025,0
2019-10-24,17,77.7195,0
2019-10-24,18,77.71924999999999,0
2019-10-24,19,77.72,0
2019-10-24,20,77.7205,0
2019-10-24,21,77.72025,0
2019-10-24,22,77.721,0
2019-10-24,23,77.71875,0
2019-10-25,00,77.71825,0
2019-10-25,01,77.71825,0
2019-10-25,02,77.71775,0
2019-10-25,03,77.717,0
2019-10-25,04,77.716,0
2019-10-25,05,77.7185,0
2019-10-25,06,77.71775,0
2019-10-25,07,77.7165,0
2019-10-25,08,57.23650000000001,0
2019-10-25,09,75.614,0
2019-10-29,07,0.06,0
2019-10-29,08,0.06275,0
2019-10-29,09,0.56125,0
2019-10-29,10,51.81166666666667,0
2019-10-29,11,77.717,0
2019-10-29,12,77.7165,0
2019-10-29,13,77.71674999999999,0
2019-10-29,14,77.71625,0
2019-10-29,15,77.7145,0
2019-10-29,16,77.7135,0
2019-10-29,17,77.71475000000001,0
2019-10-29,18,77.71424999999999,0
2019-10-29,19,77.714,0
2019-10-29,20,77.71375,0
2019-10-29,21,77.71375,0
2019-10-29,22,77.71325,0
2019-10-29,23,77.71275,0
2019-10-30,00,77.71324999999999,0
2019-10-30,01,77.71275,0
2019-10-30,02,77.71175,0
2019-10-30,03,77.712,0
2019-10-30,04,77.71225,0
2019-10-30,05,77.71175,0
2019-10-30,06,77.71175,0
2019-10-30,07,77.711,0
2019-10-30,08,77.71074999999999,0
2019-10-30,09,77.70975,0
2019-10-30,10,77.70925,0
2019-10-30,11,77.71,0
2019-10-30,12,77.7085,0
2019-10-30,13,77.7085,0
2019-10-30,14,77.70725,0
2019-10-30,15,77.707,0
2019-10-30,16,77.70625,0
2019-10-30,17,77.70625,0
2019-10-30,18,77.707,0
2019-10-30,19,77.7065,0
2019-10-30,20,77.707,0
2019-10-30,21,77.7065,0
2019-10-30,22,77.70525,0
2019-10-30,23,77.70575,0
2019-10-31,00,77.705,0
2019-10-31,01,77.70425,0
2019-10-31,02,77.70474999999999,0
2019-10-31,03,77.70425,0
2019-10-31,04,77.70474999999999,0
2019-10-31,05,77.7045,0
2019-10-31,06,77.70425,0
2019-10-31,07,77.70425,0
2019-10-31,08,77.70425,0
2019-10-31,09,77.70375,0
2019-10-31,10,77.70224999999999,0
2019-10-31,11,77.701,0
2019-10-31,12,77.70125,0
2019-10-31,13,77.70174999999999,0
2019-10-31,14,77.6995,0
2019-10-31,15,77.6985,0
2019-10-31,16,77.69874999999999,0
2019-10-31,17,77.699,0
2019-10-31,18,77.69725,0
2019-10-31,19,77.698,0
2019-10-31,20,77.69825,0
2019-10-31,21,77.6985,0
2019-10-31,22,77.6985,0
2019-10-31,23,77.69749999999999,0
2019-11-01,00,77.69749999999999,0
2019-11-01,01,77.69775,0
2019-11-01,02,77.69775,0
2019-11-01,03,77.69749999999999,0
2019-11-01,04,77.69725,0
2019-11-01,05,77.69725,0
2019-11-01,06,77.69800000000001,0
2019-11-01,07,77.69624999999999,0
2019-11-01,08,77.69624999999999,0
2019-11-01,09,77.6955,0
2019-11-01,10,77.69325,0
2019-11-01,11,77.69525,0
2019-11-01,12,77.693,0
2019-11-01,13,77.6925,0
2019-11-01,14,77.693,0
2019-11-01,15,77.69225,0
2019-11-01,16,77.692,0
2019-11-01,17,77.6905,0
2019-11-01,18,77.69075,0
2019-11-01,19,77.69075000000001,0
2019-11-01,20,77.69149999999999,0
2019-11-01,21,77.69075000000001,0
2019-11-01,22,77.691,0
2019-11-01,23,77.68925,0
2019-11-02,00,77.6915,0
2019-11-02,01,77.6905,0
2019-11-02,02,77.6905,0
2019-11-02,03,77.69,0
2019-11-02,04,77.68975,0
2019-11-02,05,77.6905,0
2019-11-02,06,77.6935,0
2019-11-02,07,77.6985,0
2019-11-02,08,77.7015,0
2019-11-02,09,77.705,0
2019-11-02,10,77.707,0
2019-11-02,11,77.71,0
2019-11-02,12,77.7105,0
2019-11-02,13,77.71175,0
2019-11-02,14,77.71225,0
2019-11-02,15,77.712,0
2019-11-02,16,77.7125,0
2019-11-02,17,77.7125,0
2019-11-02,18,77.712,0
2019-11-02,19,77.71275,0
2019-11-02,20,77.7125,0
2019-11-02,21,77.71175,0
2019-11-02,22,77.71225,0
2019-11-02,23,77.712,0
2019-11-03,00,77.7115,0
2019-11-03,01,77.71175,0
2019-11-03,02,77.712,0
2019-11-03,03,77.71225,0
2019-11-03,04,77.71225,0
2019-11-03,05,77.71275,0
2019-11-03,06,77.71225,0
2019-11-03,07,77.71225,0
2019-11-03,08,77.712,0
2019-11-03,09,77.7125,0
2019-11-03,10,77.71199999999999,0
2019-11-03,11,77.71175,0
2019-11-03,12,77.7125,0
2019-11-03,13,77.71175,0
2019-11-03,14,77.7115,0
2019-11-03,15,77.71025,0
2019-11-03,16,77.71074999999999,0
2019-11-03,17,77.71,0
2019-11-03,18,77.7105,0
2019-11-03,19,77.70949999999999,0
2019-11-03,20,77.70975,0
2019-11-03,21,77.70925,0
2019-11-03,22,77.709,0
2019-11-03,23,77.70875000000001,0
2019-11-04,00,77.709,0
2019-11-04,01,77.708,0
2019-11-04,02,77.70775,0
2019-11-04,03,77.70824999999999,0
2019-11-04,04,77.708,0
2019-11-04,05,77.70775,0
2019-11-04,06,77.708,0
2019-11-04,07,77.7075,0
2019-11-04,08,77.70725,0
2019-11-04,09,77.70599999999999,0
2019-11-04,10,77.70625,0
2019-11-04,11,77.70675,0
2019-11-04,12,77.70775,0
2019-11-04,13,77.7065,0
2019-11-04,14,77.71375,0
2019-11-04,15,77.71775,0
2019-11-04,16,77.71725,0
2019-11-04,17,77.71675,0
2019-11-04,18,77.717,0
2019-11-04,19,77.71775,0
2019-11-04,20,77.7175,0
2019-11-04,21,77.71775,0
2019-11-04,22,77.71725,0
2019-11-04,23,77.717,0
2019-11-05,00,77.7165,0
2019-11-05,01,77.71725,0
2019-11-05,02,77.71775,0
2019-11-05,03,77.717,0
2019-11-05,04,77.71725,0
2019-11-05,05,77.717,0
2019-11-05,06,77.71725,0
2019-11-05,07,77.71674999999999,0
2019-11-05,08,77.71725,0
2019-11-05,09,77.71625,0
2019-11-05,10,38.8585,0
2019-11-05,11,77.71575,0
2019-11-05,12,77.71525,0
2019-11-05,13,77.715,0
2019-11-05,14,77.71475000000001,0
2019-11-05,15,77.71525,0
2019-11-05,16,77.714,0
2019-11-05,17,77.7135,0
2019-11-05,18,77.714,0
2019-11-05,19,77.714,0
2019-11-05,20,77.71324999999999,0
2019-11-05,21,77.71324999999999,0
2019-11-05,22,77.71324999999999,0
2019-11-05,23,77.71375,0
2019-11-06,00,77.71324999999999,0
2019-11-06,01,77.71275,0
2019-11-06,02,77.71275,0
2019-11-06,03,77.71275,0
2019-11-06,04,77.71324999999999,0
2019-11-06,05,77.713,0
2019-11-06,06,77.713,0
2019-11-06,07,77.71324999999999,0
2019-11-06,08,77.712,0
2019-11-06,09,77.7115,0
2019-11-06,10,77.7115,0
2019-11-06,11,77.71124999999999,0
2019-11-06,12,77.71074999999999,0
2019-11-06,13,77.708,0
2019-11-06,14,77.71025,0
2019-11-06,15,77.708,0
2019-11-06,16,77.709,0
2019-11-06,17,77.70949999999999,0
2019-11-06,18,77.7085,0
2019-11-06,19,77.709,0
2019-11-06,20,77.707,0
2019-11-06,21,77.7075,0
2019-11-06,22,77.7075,0
2019-11-06,23,77.7055,0
2019-11-07,00,77.70525,0
2019-11-07,01,77.70475,0
2019-11-07,02,77.70325,0
2019-11-07,03,77.705,0
2019-11-07,04,77.705,0
2019-11-07,05,77.70349999999999,0
2019-11-07,06,77.70425,0
2019-11-07,07,77.70349999999999,0
2019-11-07,08,77.7015,0
2019-11-07,09,77.7035,0
2019-11-07,10,77.70275,0
2019-11-07,11,77.701,0
2019-11-07,12,77.70025,0
2019-11-07,13,77.701,0
2019-11-07,14,77.7015,0
2019-11-07,15,77.701,0
2019-11-07,16,77.69999999999999,0
2019-11-07,17,77.70075,0
2019-11-07,18,77.69999999999999,0
2019-11-07,19,77.69975,0
2019-11-07,20,77.69925,0
2019-11-07,21,77.69975,0
2019-11-07,22,77.69825,0
2019-11-07,23,77.69725,0
2019-11-08,00,77.69825,0
2019-11-08,01,77.69749999999999,0
2019-11-08,02,77.69800000000001,0
2019-11-08,03,77.69825,0
2019-11-08,04,77.69775,0
2019-11-08,05,77.69725,0
2019-11-08,06,77.69775,0
2019-11-08,07,77.69825,0
2019-11-08,08,77.698,0
2019-11-08,09,77.698,0
2019-11-08,10,77.69874999999999,0
2019-11-08,11,77.6995,0
2019-11-08,12,77.69725,0
2019-11-08,13,77.69925,0
2019-11-08,14,77.6985,0
2019-11-08,15,77.69925,0
2019-11-08,16,77.6985,0
2019-11-08,17,77.699,0
2019-11-08,18,77.697,0
2019-11-08,19,77.69624999999999,0
2019-11-08,20,77.6955,0
2019-11-08,21,77.695,0
2019-11-08,22,77.6945,0
2019-11-08,23,77.694,0
2019-11-09,00,77.69425,0
2019-11-09,01,77.6945,0
2019-11-09,02,77.69425,0
2019-11-09,03,77.69375,0
2019-11-09,04,77.6935,0
2019-11-09,05,77.6935,0
2019-11-09,06,77.6935,0
2019-11-09,07,77.69425,0
2019-11-09,08,77.6935,0
2019-11-09,09,77.69425,0
2019-11-09,10,77.69425,0
2019-11-09,11,77.6935,0
2019-11-09,12,77.693,0
2019-11-09,13,77.693,0
2019-11-09,14,77.69175,0
2019-11-09,15,77.69274999999999,0
2019-11-09,16,77.69274999999999,0
2019-11-09,17,77.69200000000001,0
2019-11-09,18,77.6905,0
2019-11-09,19,77.69075,0
2019-11-09,20,77.6905,0
2019-11-09,21,77.68825,0
2019-11-09,22,77.688,0
2019-11-09,23,77.68875,0
2019-11-10,00,77.687,0
2019-11-10,01,77.68775,0
2019-11-10,02,77.68825,0
2019-11-10,03,77.68725,0
2019-11-10,04,77.68725,0
2019-11-10,05,77.68675,0
2019-11-10,06,77.68725,0
2019-11-10,07,77.68700000000001,0
2019-11-10,08,77.687,0
2019-11-10,09,77.68725,0
2019-11-10,10,77.687,0
2019-11-10,11,77.6885,0
2019-11-10,12,77.6865,0
2019-11-10,13,77.6865,0
2019-11-10,14,77.68475000000001,0
2019-11-10,15,77.686,0
2019-11-10,16,77.68525,0
2019-11-10,17,77.6845,0
2019-11-10,18,77.6845,0
2019-11-10,19,77.6845,0
2019-11-10,20,77.68424999999999,0
2019-11-10,21,77.68424999999999,0
2019-11-10,22,77.684,0
2019-11-10,23,77.68375,0
2019-11-11,00,77.684,0
2019-11-11,01,77.684,0
2019-11-11,02,77.68424999999999,0
2019-11-11,03,77.68375,0
2019-11-11,04,77.684,0
2019-11-11,05,77.684,0
2019-11-11,06,77.68350000000001,0
2019-11-11,07,77.68325,0
2019-11-11,08,77.68350000000001,0
2019-11-11,09,77.68225000000001,0
2019-11-11,10,77.68225000000001,0
2019-11-11,11,77.68375,0
2019-11-11,12,77.68100000000001,0
2019-11-11,13,77.68175,0
2019-11-11,14,77.68,0
2019-11-11,15,77.679,0
2019-11-11,16,77.6805,0
2019-11-11,17,77.679,0
2019-11-11,18,77.67825,0
2019-11-11,19,77.67775,0
2019-11-11,20,77.67825,0
2019-11-11,21,77.67775,0
2019-11-11,22,77.67675,0
2019-11-11,23,77.67675,0
2019-11-12,00,77.67750000000001,0
2019-11-12,01,77.67775,0
2019-11-12,02,77.6765,0
2019-11-12,03,77.678,0
2019-11-12,04,77.678,0
2019-11-12,05,77.67750000000001,0
2019-11-12,06,77.677,0
2019-11-12,07,77.679,0
2019-11-12,08,77.67675,0
2019-11-12,09,77.67525,0
2019-11-12,10,77.6775,0
2019-11-12,11,77.67725,0
2019-11-12,12,77.67375,0
2019-11-12,13,77.67475,0
2019-11-12,14,77.6735,0
2019-11-12,15,77.67175,0
2019-11-12,16,77.67099999999999,0
2019-11-12,17,77.67075,0
2019-11-12,18,77.67125,0
2019-11-12,19,77.66825,0
2019-11-12,20,77.667,0
2019-11-12,21,77.6675,0
2019-11-12,22,77.66675000000001,0
2019-11-12,23,77.66675000000001,0
2019-11-13,00,77.66624999999999,0
2019-11-13,01,77.66575,0
2019-11-13,02,77.6665,0
2019-11-13,03,77.66550000000001,0
2019-11-13,04,77.66575,0
2019-11-13,05,77.66525,0
2019-11-13,06,77.66525,0
2019-11-13,07,77.66525,0
2019-11-13,08,77.66525,0
2019-11-13,09,77.6645,0
2019-11-13,10,77.66425,0
2019-11-13,11,77.6635,0
2019-11-13,12,77.666,0
2019-11-13,13,77.66425,0
2019-11-13,14,77.6635,0
2019-11-13,15,77.66225,0
2019-11-13,16,77.664,0
2019-11-13,17,77.66225,0
2019-11-13,18,77.6605,0
2019-11-13,19,77.66225,0
2019-11-13,20,77.66125,0
2019-11-13,21,77.6605,0
2019-11-13,22,77.66075,0
2019-11-13,23,77.66,0
2019-11-14,00,77.66,0
2019-11-14,01,77.65975,0
2019-11-14,02,77.65950000000001,0
2019-11-14,03,77.65925,0
2019-11-14,04,77.65950000000001,0
2019-11-14,05,77.659,0
2019-11-14,06,77.659,0
2019-11-14,07,77.65975,0
2019-11-14,08,77.658,0
2019-11-14,09,77.6575,0
2019-11-14,10,77.65975,0
2019-11-14,11,77.6575,0
2019-11-14,12,77.65775000000001,0
2019-11-14,13,77.65775,0
2019-11-14,14,77.65625,0
2019-11-14,15,77.65575,0
2019-11-14,16,77.6565,0
2019-11-14,17,77.65725,0
2019-11-14,18,77.65675,0
2019-11-14,19,77.655,0
2019-11-14,20,77.6555,0
2019-11-14,21,77.65525,0
2019-11-14,22,77.655,0
2019-11-14,23,77.655,0
2019-11-15,00,77.655,0
2019-11-15,01,77.65475,0
2019-11-15,02,77.6545,0
2019-11-15,03,77.6545,0
2019-11-15,04,77.65375,0
2019-11-15,05,77.65375,0
2019-11-15,06,77.65375,0
2019-11-15,07,77.654,0
2019-11-15,08,77.65350000000001,0
2019-11-15,09,77.65225000000001,0
2019-11-15,10,77.65375,0
2019-11-15,11,77.65125,0
2019-11-15,12,77.65225000000001,0
2019-11-15,13,77.65174999999999,0
2019-11-15,14,77.65375,0
2019-11-15,15,77.652,0
2019-11-15,16,77.65075,0
2019-11-15,17,77.65075,0
2019-11-15,18,77.6505,0
2019-11-15,19,77.65,0
2019-11-15,20,77.65025,0
2019-11-15,21,77.64975,0
2019-11-15,22,77.6495,0
2019-11-15,23,77.6495,0
2019-11-16,00,77.64824999999999,0
2019-11-16,01,77.649,0
2019-11-16,02,77.648,0
2019-11-16,03,77.64775,0
2019-11-16,04,77.64750000000001,0
2019-11-16,05,77.64725,0
2019-11-16,06,77.64725,0
2019-11-16,07,77.648,0
2019-11-16,08,77.64775,0
2019-11-16,09,77.647,0
2019-11-16,10,77.6475,0
2019-11-16,11,77.646,0
2019-11-16,12,77.6465,0
2019-11-16,13,77.64525,0
2019-11-16,14,77.6455,0
2019-11-16,15,77.64500000000001,0
2019-11-16,16,77.64574999999999,0
2019-11-16,17,77.64475,0
2019-11-16,18,77.64475,0
2019-11-16,19,77.64375,0
2019-11-16,20,58.233000000000004,0
2019-11-16,21,58.23225,0
2019-11-16,22,77.64325,0
2019-11-16,23,77.643,0
2019-11-17,00,77.643,0
2019-11-17,01,77.64325,0
2019-11-17,02,77.64275,0
2019-11-17,03,77.643,0
2019-11-17,04,77.64275,0
2019-11-17,05,77.643,0
2019-11-17,06,77.64275,0
2019-11-17,07,77.6425,0
2019-11-17,08,77.64150000000001,0
2019-11-17,09,77.6425,0
2019-11-17,10,77.641,0
2019-11-17,11,77.64025000000001,0
2019-11-17,12,77.64075,0
2019-11-17,13,77.64150000000001,0
2019-11-17,14,77.63975,0
2019-11-17,15,77.64075,0
2019-11-17,16,77.639,0
2019-11-17,17,77.64,0
2019-11-17,18,77.64025000000001,0
2019-11-17,19,77.6385,0
2019-11-17,20,77.638,0
2019-11-17,21,77.63775000000001,0
2019-11-17,22,77.63775000000001,0
2019-11-17,23,77.6375,0
2019-11-18,00,77.637,0
2019-11-18,01,77.6375,0
2019-11-18,02,77.6375,0
2019-11-18,03,77.63725,0
2019-11-18,04,77.63725,0
2019-11-18,05,77.637,0
2019-11-18,06,77.637,0
2019-11-18,07,77.637,0
2019-11-18,08,77.63675,0
2019-11-18,09,77.63525,0
2019-11-18,10,77.63675,0
2019-11-18,11,77.636,0
2019-11-18,12,77.636,0
2019-11-18,13,77.6365,0
2019-11-18,14,77.63475,0
2019-11-18,15,77.63425,0
2019-11-18,16,77.63625,0
2019-11-18,17,77.63374999999999,0
2019-11-18,18,77.63425000000001,0
2019-11-18,19,77.63374999999999,0
2019-11-18,20,77.63325,0
2019-11-18,21,77.63325,0
2019-11-18,22,77.633,0
2019-11-18,23,77.63325,0
2019-11-19,00,77.633,0
2019-11-19,01,77.63325,0
2019-11-19,02,77.6325,0
2019-11-19,03,77.63275,0
2019-11-19,04,77.63275,0
2019-11-19,05,77.63275,0
2019-11-19,06,77.6325,0
2019-11-19,07,77.632,0
2019-11-19,08,77.63275,0
2019-11-19,09,77.63275,0
2019-11-19,10,77.634,0
2019-11-19,11,77.63175000000001,0
2019-11-19,12,77.63125,0
2019-11-19,13,77.63225,0
2019-11-19,14,77.632,0
2019-11-19,15,77.63225,0
2019-11-19,16,77.6305,0
2019-11-19,17,77.62899999999999,0
2019-11-19,18,77.62899999999999,0
2019-11-19,19,77.62825000000001,0
2019-11-19,20,77.628,0
2019-11-19,21,77.628,0
2019-11-19,22,77.628,0
2019-11-19,23,77.6275,0
2019-11-20,00,77.627,0
2019-11-20,01,77.627,0
2019-11-20,02,77.62625,0
2019-11-20,03,77.62675,0
2019-11-20,04,77.6265,0
2019-11-20,05,77.6265,0
2019-11-20,06,77.62625,0
2019-11-20,07,77.627,0
2019-11-20,08,77.623,0
2019-11-20,09,77.619,0
2019-11-20,10,77.618,0
2019-11-20,11,77.6185,0
2019-11-20,12,77.617,0
2019-11-20,13,77.61775,0
2019-11-20,14,77.61699999999999,0
2019-11-20,15,77.6165,0
2019-11-20,16,77.6165,0
2019-11-20,17,77.61525,0
2019-11-20,18,77.61475,0
2019-11-20,19,77.61475,0
2019-11-20,20,77.61449999999999,0
2019-11-20,21,77.61375,0
2019-11-20,22,77.613,0
2019-11-20,23,77.613,0
2019-11-21,00,77.613,0
2019-11-21,01,77.61175,0
2019-11-21,02,77.61125,0
2019-11-21,03,77.6105,0
2019-11-21,04,77.60849999999999,0
2019-11-21,05,77.609,0
2019-11-21,06,77.61,0
2019-11-21,07,77.60725,0
2019-11-21,08,77.606,0
2019-11-21,09,77.60249999999999,0
2019-11-21,10,77.60025,0
2019-11-21,11,77.59725,0
2019-11-21,12,77.5945,0
2019-11-21,13,77.607,0
2019-11-21,14,77.60775000000001,0
2019-11-21,15,77.60575,0
2019-11-21,16,77.6045,0
2019-11-21,17,77.60625,0
2019-11-21,18,77.603,0
2019-11-21,19,77.6035,0
2019-11-21,20,77.6015,0
2019-11-21,21,77.60125,0
2019-11-21,22,77.60125,0
2019-11-21,23,77.6015,0
2019-11-22,00,77.6005,0
2019-11-22,01,77.6,0
2019-11-22,02,77.60024999999999,0
2019-11-22,03,77.59975,0
2019-11-22,04,77.59925,0
2019-11-22,05,77.59875,0
2019-11-22,06,77.599,0
2019-11-22,07,77.5995,0
2019-11-22,08,77.5985,0
2019-11-22,09,77.5975,0
2019-11-22,10,77.5965,0
2019-11-22,11,77.59649999999999,0
2019-11-22,12,77.59625,0
2019-11-22,13,77.59675,0
2019-11-22,14,77.595,0
2019-11-22,15,77.596,0
2019-11-22,16,77.59475,0
2019-11-22,17,77.59525000000001,0
2019-11-22,18,77.5945,0
2019-11-22,19,77.5935,0
2019-11-22,20,77.5935,0
2019-11-22,21,77.594,0
2019-11-22,22,77.593,0
2019-11-22,23,77.593,0
2019-11-23,00,77.5925,0
2019-11-23,01,77.59275,0
2019-11-23,02,77.5925,0
2019-11-23,03,77.59225,0
2019-11-23,04,77.59225,0
2019-11-23,05,77.59174999999999,0
2019-11-23,06,77.59174999999999,0
2019-11-23,07,77.591,0
2019-11-23,08,77.59125,0
2019-11-23,09,77.59174999999999,0
2019-11-23,10,77.59100000000001,0
2019-11-23,11,77.589,0
2019-11-23,12,77.5895,0
2019-11-23,13,77.591,0
2019-11-23,14,77.59,0
2019-11-23,15,77.58775,0
2019-11-23,16,77.58975,0
2019-11-23,17,77.5885,0
2019-11-23,18,77.589,0
2019-11-23,19,77.5865,0
2019-11-23,20,77.5855,0
2019-11-23,21,77.5855,0
2019-11-23,22,77.58574999999999,0
2019-11-23,23,77.586,0
2019-11-24,00,77.585,0
2019-11-24,01,77.585,0
2019-11-24,02,77.58525,0
2019-11-24,03,77.585,0
2019-11-24,04,77.58425,0
2019-11-24,05,77.584,0
2019-11-24,06,77.58375000000001,0
2019-11-24,07,77.584,0
2019-11-24,08,77.58324999999999,0
2019-11-24,09,77.58324999999999,0
2019-11-24,10,77.5825,0
2019-11-24,11,77.583,0
2019-11-24,12,77.583,0
2019-11-24,13,77.58275,0
2019-11-24,14,77.582,0
2019-11-24,15,77.58099999999999,0
2019-11-24,16,77.58075,0
2019-11-24,17,77.5805,0
2019-11-24,18,77.5795,0
2019-11-24,19,77.57925,0
2019-11-24,20,77.57925,0
2019-11-24,21,77.57925,0
2019-11-24,22,77.579,0
2019-11-24,23,77.57925,0
2019-11-25,00,77.579,0
2019-11-25,01,77.579,0
2019-11-25,02,77.579,0
2019-11-25,03,77.57849999999999,0
2019-11-25,04,77.57825,0
2019-11-25,05,77.57825,0
2019-11-25,06,77.57825,0
2019-11-25,07,77.57825,0
2019-11-25,08,77.5775,0
2019-11-25,09,77.5775,0
2019-11-25,10,77.5755,0
2019-11-25,11,77.57675,0
2019-11-25,12,77.57499999999999,0
2019-11-25,13,77.57300000000001,0
2019-11-25,14,77.57675,0
2019-11-25,15,77.57275,0
2019-11-25,16,77.57374999999999,0
2019-11-25,17,77.57374999999999,0
2019-11-25,18,77.573,0
2019-11-25,19,77.573,0
2019-11-25,20,77.57249999999999,0
2019-11-25,21,77.57275,0
2019-11-25,22,77.572,0
2019-11-25,23,77.57275,0
2019-11-26,00,77.574,0
2019-11-26,01,77.57225,0
2019-11-26,02,77.5745,0
2019-11-26,03,77.5745,0
2019-11-26,04,77.57025,0
2019-11-26,05,77.57,0
2019-11-26,06,77.56949999999999,0
2019-11-26,07,77.57075,0
2019-11-26,08,77.56925,0
2019-11-26,09,77.57124999999999,0
2019-11-26,10,77.57050000000001,0
2019-11-26,11,77.57,0
2019-11-26,12,77.57075,0
2019-11-26,13,77.56824999999999,0
2019-11-26,14,77.568,0
2019-11-26,15,77.56725,0
2019-11-26,16,77.56825,0
2019-11-26,17,77.56700000000001,0
2019-11-26,18,77.5635,0
2019-11-26,19,77.5635,0
2019-11-26,20,77.56275,0
2019-11-26,21,77.56225,0
2019-11-26,22,77.56225,0
2019-11-26,23,77.562,0
2019-11-27,00,77.562,0
2019-11-27,01,77.5615,0
2019-11-27,02,77.5615,0
2019-11-27,03,77.56075000000001,0
2019-11-27,04,77.5605,0
2019-11-27,05,77.56075000000001,0
2019-11-27,06,77.5605,0
2019-11-27,07,77.56,0
2019-11-27,08,77.56025,0
2019-11-27,09,77.559,0
2019-11-27,10,77.55875,0
2019-11-27,11,77.55825,0
2019-11-27,12,77.55850000000001,0
2019-11-27,13,77.56075,0
2019-11-27,14,77.5595,0
2019-11-27,15,77.5555,0
2019-11-27,16,77.557,0
2019-11-27,17,77.5565,0
2019-11-27,18,77.55725000000001,0
2019-11-27,19,77.55575,0
2019-11-27,20,77.556,0
2019-11-27,21,77.556,0
2019-11-27,22,77.55625,0
2019-11-27,23,77.5555,0
2019-11-28,00,77.557,0
2019-11-28,01,77.5555,0
2019-11-28,02,77.555,0
2019-11-28,03,77.55475,0
2019-11-28,04,77.55425,0
2019-11-28,05,77.555,0
2019-11-28,06,77.55425,0
2019-11-28,07,77.55425,0
2019-11-28,08,77.55425,0
2019-11-28,09,77.55325,0
2019-11-28,10,77.55324999999999,0
2019-11-28,11,77.55275,0
2019-11-28,12,77.55225,0
2019-11-28,13,77.55000000000001,0
2019-11-28,14,77.5515,0
2019-11-28,15,77.552,0
2019-11-28,16,77.54975,0
2019-11-28,17,77.54975,0
2019-11-28,18,77.54925,0
2019-11-28,19,77.54975,0
2019-11-28,20,77.54975,0
2019-11-28,21,77.5495,0
2019-11-28,22,77.54975,0
2019-11-28,23,77.54925,0
2019-11-29,00,77.55025,0
2019-11-29,01,77.5495,0
2019-11-29,02,77.549,0
2019-11-29,03,77.54875000000001,0
2019-11-29,04,77.54825,0
2019-11-29,05,77.54875000000001,0
2019-11-29,06,77.548,0
2019-11-29,07,77.5485,0
2019-11-29,08,77.5485,0
2019-11-29,09,77.5475,0
2019-11-29,10,77.547,0
2019-11-29,11,77.54725,0
2019-11-29,12,77.54725,0
2019-11-29,13,77.548,0
2019-11-29,14,77.54425,0
2019-11-29,15,77.5455,0
2019-11-29,16,77.546,0
2019-11-29,17,77.5425,0
2019-11-29,18,77.54625,0
2019-11-29,19,77.54325,0
2019-11-29,20,77.543,0
2019-11-29,21,77.54275,0
2019-11-29,22,77.543,0
2019-11-29,23,77.542,0
2019-11-30,00,77.5415,0
2019-11-30,01,77.54225,0
2019-11-30,02,77.54325,0
2019-11-30,03,77.5425,0
2019-11-30,04,77.542,0
2019-11-30,05,77.542,0
2019-11-30,06,77.54225,0
2019-11-30,07,77.543,0
2019-11-30,08,77.54125,0
2019-11-30,09,77.53975,0
2019-11-30,10,77.54075,0
2019-11-30,11,77.53875000000001,0
2019-11-30,12,77.541,0
2019-11-30,13,77.539,0
2019-11-30,14,77.5395,0
2019-11-30,15,77.53800000000001,0
2019-11-30,16,77.53775,0
2019-11-30,17,77.538,0
2019-11-30,18,77.5375,0
2019-11-30,19,77.536,0
2019-11-30,20,77.53525,0
2019-11-30,21,77.53524999999999,0
2019-11-30,22,77.53475,0
2019-11-30,23,77.534,0
2019-12-01,00,77.53425,0
2019-12-01,01,77.534,0
2019-12-01,02,77.53375,0
2019-12-01,03,77.53375,0
2019-12-01,04,77.5335,0
2019-12-01,05,77.533,0
2019-12-01,06,77.53275,0
2019-12-01,07,77.53375,0
2019-12-01,08,77.53375,0
2019-12-01,09,77.53475,0
2019-12-01,10,77.53450000000001,0
2019-12-01,11,77.53575000000001,0
2019-12-01,12,77.5355,0
2019-12-01,13,77.53375,0
2019-12-01,14,77.5355,0
2019-12-01,15,77.5395,0
2019-12-01,16,77.53875,0
2019-12-01,17,77.53875000000001,0
2019-12-01,18,77.53825,0
2019-12-01,19,77.538,0
2019-12-01,20,77.5375,0
2019-12-01,21,77.5385,0
2019-12-01,22,77.53625,0
2019-12-01,23,77.53625,0
2019-12-02,00,77.5375,0
2019-12-02,01,77.538,0
2019-12-02,02,77.539,0
2019-12-02,03,77.53925000000001,0
2019-12-02,04,77.53825,0
2019-12-02,05,77.538,0
2019-12-02,06,77.539,0
2019-12-02,07,77.538,0
2019-12-02,08,77.53775,0
2019-12-02,09,77.53825,0
2019-12-02,10,77.54025,0
2019-12-02,11,77.53775,0
2019-12-02,12,77.53750000000001,0
2019-12-02,13,77.5365,0
2019-12-02,14,77.53425,0
2019-12-02,15,77.53625,0
2019-12-02,16,77.534,0
2019-12-02,17,77.5325,0
2019-12-02,18,77.5325,0
2019-12-02,19,77.53225,0
2019-12-02,20,77.532,0
2019-12-02,21,77.53175,0
2019-12-02,22,77.531,0
2019-12-02,23,77.532,0
2019-12-03,00,77.53075,0
2019-12-03,01,77.53,0
2019-12-03,02,77.53025,0
2019-12-03,03,77.5305,0
2019-12-03,04,77.53,0
2019-12-03,05,77.53125,0
2019-12-03,06,77.52975,0
2019-12-03,07,77.53075000000001,0
2019-12-03,08,77.5295,0
2019-12-03,09,77.53075,0
2019-12-03,10,77.52875,0
2019-12-03,11,77.52975,0
2019-12-03,12,77.52799999999999,0
2019-12-03,13,77.52775,0
2019-12-03,14,77.53025,0
2019-12-03,15,77.52675,0
2019-12-03,16,77.52674999999999,0
2019-12-03,17,77.52775,0
2019-12-03,18,77.52675,0
2019-12-03,19,77.52575,0
2019-12-03,20,77.52575,0
2019-12-03,21,77.52575,0
2019-12-03,22,77.526,0
2019-12-03,23,77.52425,0
2019-12-04,00,77.5235,0
2019-12-04,01,77.524,0
2019-12-04,02,77.52324999999999,0
2019-12-04,03,77.523,0
2019-12-04,04,77.523,0
2019-12-04,05,77.52225,0
2019-12-04,06,77.52225,0
2019-12-04,07,77.52225,0
2019-12-04,08,77.52175,0
2019-12-04,09,77.52324999999999,0
2019-12-04,10,77.5215,0
2019-12-04,11,77.52225,0
2019-12-04,12,77.521,0
2019-12-04,13,77.52074999999999,0
2019-12-04,14,77.51925,0
2019-12-04,15,77.52025,0
2019-12-04,16,77.5205,0
2019-12-04,17,77.51925,0
2019-12-04,18,77.51925,0
2019-12-04,19,77.519,0
2019-12-04,20,77.51775,0
2019-12-04,21,77.51675,0
2019-12-04,22,77.51675,0
2019-12-04,23,77.517,0
2019-12-05,00,77.5175,0
2019-12-05,01,77.51675,0
2019-12-05,02,77.51675,0
2019-12-05,03,77.5175,0
2019-12-05,04,77.51650000000001,0
2019-12-05,05,77.51625,0
2019-12-05,06,77.516,0
2019-12-05,07,77.51675,0
2019-12-05,08,77.51625,0
2019-12-05,09,77.5155,0
2019-12-05,10,77.5145,0
2019-12-05,11,77.51575,0
2019-12-05,12,77.517,0
2019-12-05,13,77.51425,0
2019-12-05,14,77.51175,0
2019-12-05,15,77.51325,0
2019-12-05,16,77.51425,0
2019-12-05,17,77.513,0
2019-12-05,18,77.5125,0
2019-12-05,19,77.511,0
2019-12-05,20,77.51124999999999,0
2019-12-05,21,77.51075,0
2019-12-05,22,77.51050000000001,0
2019-12-05,23,77.511,0
2019-12-06,00,77.51,0
2019-12-06,01,77.50975,0
2019-12-06,02,77.50999999999999,0
2019-12-06,03,77.51050000000001,0
2019-12-06,04,77.509,0
2019-12-06,05,77.50925000000001,0
2019-12-06,06,77.50874999999999,0
2019-12-06,07,77.509,0
2019-12-06,08,77.5095,0
2019-12-06,09,77.50725,0
2019-12-06,10,77.50675,0
2019-12-06,11,77.509,0
2019-12-06,12,77.50925000000001,0
2019-12-06,13,77.507,0
2019-12-06,14,77.50999999999999,0
2019-12-06,15,77.50575,0
2019-12-06,16,77.507,0
2019-12-06,17,77.50575,0
2019-12-06,18,77.50450000000001,0
2019-12-06,19,77.504,0
2019-12-06,20,77.50425,0
2019-12-06,21,77.5035,0
2019-12-06,22,77.5035,0
2019-12-06,23,77.50274999999999,0
2019-12-07,00,77.50274999999999,0
2019-12-07,01,77.503,0
2019-12-07,02,77.50274999999999,0
2019-12-07,03,77.503,0
2019-12-07,04,77.5025,0
2019-12-07,05,77.5015,0
2019-12-07,06,77.50175,0
2019-12-07,07,77.502,0
2019-12-07,08,77.50175,0
2019-12-07,09,77.50175,0
2019-12-07,10,77.5005,0
2019-12-07,11,77.50025,0
2019-12-07,12,77.5,0
2019-12-07,13,77.50025,0
2019-12-07,14,77.50075,0
2019-12-07,15,77.49925,0
2019-12-07,16,77.499,0
2019-12-07,17,77.499,0
2019-12-07,18,77.49875,0
2019-12-07,19,77.498,0
2019-12-07,20,77.49725000000001,0
2019-12-07,21,77.4975,0
2019-12-07,22,77.4975,0
2019-12-07,23,77.49674999999999,0
2019-12-08,00,77.49674999999999,0
2019-12-08,01,77.49674999999999,0
2019-12-08,02,77.497,0
2019-12-08,03,77.4965,0
2019-12-08,04,77.49575,0
2019-12-08,05,77.49575,0
2019-12-08,06,77.49575,0
2019-12-08,07,77.495,0
2019-12-08,08,77.495,0
2019-12-08,09,77.49575,0
2019-12-08,10,77.49425,0
2019-12-08,11,77.49425,0
2019-12-08,12,77.49375,0
2019-12-08,13,77.4935,0
2019-12-08,14,77.4935,0
2019-12-08,15,77.493,0
2019-12-08,16,77.49225,0
2019-12-08,17,77.49225,0
2019-12-08,18,77.492,0
2019-12-08,19,77.492,0
2019-12-08,20,77.492,0
2019-12-08,21,77.492,0
2019-12-08,22,77.492,0
2019-12-08,23,77.492,0
2019-12-09,00,77.492,0
2019-12-09,01,77.4915,0
2019-12-09,02,77.4915,0
2019-12-09,03,77.4915,0
2019-12-09,04,77.491,0
2019-12-09,05,77.49074999999999,0
2019-12-09,06,77.49125000000001,0
2019-12-09,07,77.49025,0
2019-12-09,08,77.49,0
2019-12-09,09,77.48875,0
2019-12-09,10,77.489,0
2019-12-09,11,77.4885,0
2019-12-09,12,77.4875,0
2019-12-09,13,77.4865,0
2019-12-09,14,77.48625,0
2019-12-09,15,77.487,0
2019-12-09,16,77.48525000000001,0
2019-12-09,17,77.4885,0
2019-12-09,18,77.48525,0
2019-12-09,19,77.4845,0
2019-12-09,20,77.48425,0
2019-12-09,21,77.48599999999999,0
2019-12-09,22,77.484,0
2019-12-09,23,77.48275,0
2019-12-10,00,77.48225,0
2019-12-10,01,77.48275000000001,0
2019-12-10,02,77.48275000000001,0
2019-12-10,03,77.48225,0
2019-12-10,04,77.4825,0
2019-12-10,05,77.4815,0
2019-12-10,06,77.483,0
2019-12-10,07,77.48075,0
2019-12-10,08,77.48,0
2019-12-10,09,77.48075,0
2019-12-10,10,77.47925,0
2019-12-10,11,77.48025,0
2019-12-10,12,77.478,0
2019-12-10,13,77.47725,0
2019-12-10,14,77.47725,0
2019-12-10,15,77.47625,0
2019-12-10,16,77.47625,0
2019-12-10,17,77.47575,0
2019-12-10,18,77.47475,0
2019-12-10,19,77.476,0
2019-12-10,20,77.475,0
2019-12-10,21,77.4735,0
2019-12-10,22,77.47475,0
2019-12-10,23,77.47475,0
2019-12-11,00,77.474,0
2019-12-11,01,77.47325000000001,0
2019-12-11,02,77.47274999999999,0
2019-12-11,03,77.47274999999999,0
2019-12-11,04,77.47175,0
2019-12-11,05,77.47125,0
2019-12-11,06,77.47175,0
2019-12-11,07,77.47,0
2019-12-11,08,77.471,0
2019-12-11,09,77.47025,0
2019-12-11,10,77.47,0
2019-12-11,11,77.46875,0
2019-12-11,12,77.469,0
2019-12-11,13,77.46925,0
2019-12-11,14,77.4675,0
2019-12-11,15,77.469,0
2019-12-11,16,77.468,0
2019-12-11,17,77.46575,0
2019-12-11,18,77.46625,0
2019-12-11,19,77.46600000000001,0
2019-12-11,20,77.46575,0
2019-12-11,21,77.465,0
2019-12-11,22,77.46525,0
2019-12-11,23,77.46475,0
2019-12-12,00,77.46424999999999,0
2019-12-12,01,77.4645,0
2019-12-12,02,77.4645,0
2019-12-12,03,77.46375,0
2019-12-12,04,77.46275,0
2019-12-12,05,77.463,0
2019-12-12,06,77.46225,0
2019-12-12,07,77.46225,0
2019-12-12,08,77.462,0
2019-12-12,09,77.46199999999999,0
2019-12-12,10,77.45925,0
2019-12-12,11,77.461,0
2019-12-12,12,77.458,0
2019-12-12,13,77.45925,0
2019-12-12,14,77.46025,0
2019-12-12,15,77.45925,0
2019-12-12,16,77.45949999999999,0
2019-12-12,17,77.45949999999999,0
2019-12-12,18,77.4575,0
2019-12-12,19,77.456,0
2019-12-12,20,77.45625,0
2019-12-12,21,77.45575,0
2019-12-12,22,77.45525,0
2019-12-12,23,77.455,0
2019-12-13,00,77.4545,0
2019-12-13,01,77.45474999999999,0
2019-12-13,02,77.453,0
2019-12-13,03,77.45375,0
2019-12-13,04,77.45325,0
2019-12-13,05,77.45275000000001,0
2019-12-13,06,77.453,0
2019-12-13,07,77.45325,0
2019-12-13,08,77.451,0
2019-12-13,09,77.45275000000001,0
2019-12-13,10,77.45049999999999,0
2019-12-13,11,77.45125,0
2019-12-13,12,77.45125,0
2019-12-13,13,77.4495,0
2019-12-13,14,77.4515,0
2019-12-13,15,77.4515,0
2019-12-13,16,77.451,0
2019-12-13,17,77.44875,0
2019-12-13,18,77.44975,0
2019-12-13,19,77.447,0
2019-12-13,20,77.44749999999999,0
2019-12-13,21,77.44775,0
2019-12-13,22,77.44675,0
2019-12-13,23,77.446,0
2019-12-14,00,77.44575,0
2019-12-14,01,77.446,0
2019-12-14,02,77.4455,0
2019-12-14,03,77.44575,0
2019-12-14,04,77.44524999999999,0
2019-12-14,05,77.44575,0
2019-12-14,06,77.4465,0
2019-12-14,07,77.4455,0
2019-12-14,08,77.44525,0
2019-12-14,09,77.444,0
2019-12-14,10,77.44449999999999,0
2019-12-14,11,77.44575,0
2019-12-14,12,77.4435,0
2019-12-14,13,77.44375,0
2019-12-14,14,77.44475,0
2019-12-14,15,77.4405,0
2019-12-14,16,77.44175,0
2019-12-14,17,77.441,0
2019-12-14,18,77.44075,0
2019-12-14,19,77.44024999999999,0
2019-12-14,20,77.43924999999999,0
2019-12-14,21,77.4395,0
2019-12-14,22,77.4395,0
2019-12-14,23,77.43975,0
2019-12-15,00,77.43875,0
2019-12-15,01,77.439,0
2019-12-15,02,77.43924999999999,0
2019-12-15,03,77.4385,0
2019-12-15,04,77.4385,0
2019-12-15,05,77.4385,0
2019-12-15,06,77.4385,0
2019-12-15,07,77.438,0
2019-12-15,08,77.4385,0
2019-12-15,09,77.4385,0
2019-12-15,10,77.43825,0
2019-12-15,11,77.43725,0
2019-12-15,12,77.43625,0
2019-12-15,13,77.43575,0
2019-12-15,14,77.43625,0
2019-12-15,15,77.434,0
2019-12-15,16,77.4345,0
2019-12-15,17,77.4345,0
2019-12-15,18,77.433,0
2019-12-15,19,77.43175,0
2019-12-15,20,77.4315,0
2019-12-15,21,77.43175,0
2019-12-15,22,77.43175,0
2019-12-15,23,77.43125,0
2019-12-16,00,77.43125,0
2019-12-16,01,77.4305,0
2019-12-16,02,77.4305,0
2019-12-16,03,77.43075,0
2019-12-16,04,77.431,0
2019-12-16,05,77.4305,0
2019-12-16,06,77.42925,0
2019-12-16,07,77.42925,0
2019-12-16,08,77.42925,0
2019-12-16,09,77.42925,0
2019-12-16,10,77.43,0
2019-12-16,11,77.42875000000001,0
2019-12-16,12,77.4285,0
2019-12-16,13,77.42725,0
2019-12-16,14,77.42725,0
2019-12-16,15,77.4275,0
2019-12-16,16,77.42775,0
2019-12-16,17,77.4265,0
2019-12-16,18,77.42625000000001,0
2019-12-16,19,77.4265,0
2019-12-16,20,77.425,0
2019-12-16,21,77.425,0
2019-12-16,22,77.42325,0
2019-12-16,23,77.42325,0
2019-12-17,00,77.42425,0
2019-12-17,01,77.423,0
2019-12-17,02,77.42325,0
2019-12-17,03,77.423,0
2019-12-17,04,77.42325,0
2019-12-17,05,77.42325,0
2019-12-17,06,77.42275000000001,0
2019-12-17,07,77.42275000000001,0
2019-12-17,08,77.423,0
2019-12-17,09,77.42275000000001,0
2019-12-17,10,77.42075,0
2019-12-17,11,77.42150000000001,0
2019-12-17,12,38.70925,0
2019-12-17,13,77.385,0
2019-12-17,14,77.385,0
2019-12-17,15,77.38550000000001,0
2019-12-17,16,77.38525,0
2019-12-17,17,77.38425000000001,0
2019-12-17,18,77.3845,0
2019-12-17,19,77.384,0
2019-12-17,20,77.384,0
2019-12-17,21,77.3835,0
2019-12-17,22,77.384,0
2019-12-17,23,77.383,0
2019-12-18,00,77.38325,0
2019-12-18,01,77.383,0
2019-12-18,02,77.383,0
2019-12-18,03,77.3825,0
2019-12-18,04,77.38225,0
2019-12-18,05,77.38225,0
2019-12-18,06,77.38225,0
2019-12-18,07,77.3815,0
2019-12-18,08,77.381,0
2019-12-18,09,77.38075,0
2019-12-18,10,77.37925,0
2019-12-18,11,77.38075,0
2019-12-18,12,77.38125,0
2019-12-18,13,77.37875,0
2019-12-18,14,77.37875,0
2019-12-18,15,77.3785,0
2019-12-18,16,77.378,0
2019-12-18,17,77.37774999999999,0
2019-12-18,18,77.378,0
2019-12-18,19,77.378,0
2019-12-18,20,77.3775,0
2019-12-18,21,77.3775,0
2019-12-18,22,77.3775,0
2019-12-18,23,77.37725,0
2019-12-19,00,77.3775,0
2019-12-19,01,77.377,0
2019-12-19,02,77.377,0
2019-12-19,03,77.3765,0
2019-12-19,04,77.377,0
2019-12-19,05,77.37650000000001,0
2019-12-19,06,77.3765,0
2019-12-19,07,77.37625,0
2019-12-19,08,77.376,0
2019-12-19,09,77.37525,0
2019-12-19,10,77.37475,0
2019-12-19,11,77.37475,0
2019-12-19,12,77.37474999999999,0
2019-12-19,13,77.374,0
2019-12-19,14,77.373,0
2019-12-19,15,77.373,0
2019-12-19,16,77.37425,0
2019-12-19,17,77.37174999999999,0
2019-12-19,18,77.37225000000001,0
2019-12-19,19,77.37,0
2019-12-19,20,77.37049999999999,0
2019-12-19,21,77.37025,0
2019-12-19,22,77.369,0
2019-12-19,23,77.36875,0
2019-12-20,00,77.36875,0
2019-12-20,01,77.36775,0
2019-12-20,02,77.36675,0
2019-12-20,03,77.36625000000001,0
2019-12-20,04,77.366,0
2019-12-20,05,77.366,0
2019-12-20,06,77.3655,0
2019-12-20,07,77.36574999999999,0
2019-12-20,08,77.36500000000001,0
2019-12-20,09,77.365,0
2019-12-20,10,77.36449999999999,0
2019-12-20,11,77.36449999999999,0
2019-12-20,12,77.36125,0
2019-12-20,13,77.3595,0
2019-12-20,14,77.36075,0
2019-12-20,15,77.35974999999999,0
2019-12-20,16,77.3585,0
2019-12-20,17,77.358,0
2019-12-20,18,77.3595,0
2019-12-20,19,77.35825,0
2019-12-20,20,77.35675,0
2019-12-20,21,77.3575,0
2019-12-20,22,77.356,0
2019-12-20,23,77.3575,0
2019-12-21,00,77.3555,0
2019-12-21,01,77.35575,0
2019-12-21,02,77.355,0
2019-12-21,03,77.35475,0
2019-12-21,04,77.35525,0
2019-12-21,05,77.35475,0
2019-12-21,06,77.35425,0
2019-12-21,07,77.356,0
2019-12-21,08,77.35525,0
2019-12-21,09,77.3535,0
2019-12-21,10,77.35374999999999,0
2019-12-21,11,77.35225,0
2019-12-21,12,77.3495,0
2019-12-21,13,77.35275,0
2019-12-21,14,77.34949999999999,0
2019-12-21,15,77.34925,0
2019-12-21,16,77.3505,0
2019-12-21,17,77.34649999999999,0
2019-12-21,18,77.34825000000001,0
2019-12-21,19,77.34775,0
2019-12-21,20,77.34625,0
2019-12-21,21,77.34625,0
2019-12-21,22,77.345,0
2019-12-21,23,77.344,0
2019-12-22,00,77.3435,0
2019-12-22,01,77.343,0
2019-12-22,02,77.342,0
2019-12-22,03,77.342,0
2019-12-22,04,77.3415,0
2019-12-22,05,77.34049999999999,0
2019-12-22,06,77.341,0
2019-12-22,07,77.34075,0
2019-12-22,08,77.34,0
2019-12-22,09,77.3395,0
2019-12-22,10,77.3385,0
2019-12-22,11,77.3385,0
2019-12-22,12,77.33775,0
2019-12-22,13,77.338,0
2019-12-22,14,77.33625,0
2019-12-22,15,77.33425,0
2019-12-22,16,77.3355,0
2019-12-22,17,77.33525,0
2019-12-22,18,77.33375,0
2019-12-22,19,77.33375000000001,0
2019-12-22,20,77.33375000000001,0
2019-12-22,21,77.33324999999999,0
2019-12-22,22,77.333,0
2019-12-22,23,77.333,0
2019-12-23,00,77.33275,0
2019-12-23,01,77.33224999999999,0
2019-12-23,02,77.33175,0
2019-12-23,03,77.33175,0
2019-12-23,04,77.3315,0
2019-12-23,05,77.33175,0
2019-12-23,06,77.33125,0
2019-12-23,07,77.33075,0
2019-12-23,08,77.33075,0
2019-12-23,09,77.33,0
2019-12-23,10,77.32974999999999,0
2019-12-23,11,77.33,0
2019-12-23,12,77.32974999999999,0
2019-12-23,13,77.329,0
2019-12-23,14,77.329,0
2019-12-23,15,77.328,0
2019-12-23,16,77.32775,0
2019-12-23,17,77.3275,0
2019-12-23,18,77.32725,0
2019-12-23,19,77.3265,0
2019-12-23,20,77.32675,0
2019-12-23,21,77.325,0
2019-12-23,22,77.325,0
2019-12-23,23,77.32425,0
2019-12-24,00,77.324,0
2019-12-24,01,77.3245,0
2019-12-24,02,77.324,0
2019-12-24,03,77.323,0
2019-12-24,04,77.32275,0
2019-12-24,05,77.32249999999999,0
2019-12-24,06,77.32175000000001,0
2019-12-24,07,77.32175000000001,0
2019-12-24,08,77.32075,0
2019-12-24,09,77.321,0
2019-12-24,10,77.32225,0
2019-12-24,11,77.322,0
2019-12-24,12,77.32275,0
2019-12-24,13,77.32225,0
2019-12-24,14,77.32249999999999,0
2019-12-24,15,77.32425,0
2019-12-24,16,77.3245,0
2019-12-24,17,77.326,0
2019-12-24,18,77.32475,0
2019-12-24,19,77.327,0
2019-12-24,20,77.3275,0
2019-12-24,21,77.329,0
2019-12-24,22,77.32974999999999,0
2019-12-24,23,77.33075,0
2019-12-25,00,77.33224999999999,0
2019-12-25,01,77.33375000000001,0
2019-12-25,02,77.335,0
2019-12-25,03,77.336,0
2019-12-25,04,77.33775,0
2019-12-25,05,77.339,0
2019-12-25,06,77.34125,0
2019-12-25,07,77.34275,0
2019-12-25,08,77.34425,0
2019-12-25,09,77.346,0
2019-12-25,10,77.34625,0
2019-12-25,11,77.34875,0
2019-12-25,12,77.3505,0
2019-12-25,13,77.35225,0
2019-12-25,14,77.35325,0
2019-12-25,15,77.35374999999999,0
2019-12-25,16,77.357,0
2019-12-25,17,77.35725,0
2019-12-25,18,77.359,0
2019-12-25,19,77.36025,0
2019-12-25,20,77.362,0
2019-12-25,21,77.3635,0
2019-12-25,22,77.36449999999999,0
2019-12-25,23,77.36675,0
2019-12-26,00,77.369,0
2019-12-26,01,77.36975,0
2019-12-26,02,77.37075,0
2019-12-26,03,77.37275,0
2019-12-26,04,77.37375,0
2019-12-26,05,77.37575,0
2019-12-26,06,77.37774999999999,0
2019-12-26,07,77.3785,0
2019-12-26,08,77.37975,0
2019-12-26,09,77.38075,0
2019-12-26,10,77.38275,0
2019-12-26,11,77.38425000000001,0
2019-12-26,12,77.38675,0
2019-12-26,13,77.38725,0
2019-12-26,14,77.388,0
2019-12-26,15,77.38975,0
2019-12-26,16,77.39250000000001,0
2019-12-26,17,77.39325,0
2019-12-26,18,77.395,0
2019-12-26,19,77.397,0
2019-12-26,20,77.398,0
2019-12-26,21,77.39925,0
2019-12-26,22,77.4005,0
2019-12-26,23,77.40275,0
2019-12-27,00,77.40375,0
2019-12-27,01,77.4055,0
2019-12-27,02,77.407,0
2019-12-27,03,77.40825000000001,0
2019-12-27,04,77.40975,0
2019-12-27,05,77.41175,0
2019-12-27,06,77.4125,0
2019-12-27,07,77.414,0
2019-12-27,08,77.416,0
2019-12-27,09,77.417,0
2019-12-27,10,77.4185,0
2019-12-27,11,77.4205,0
2019-12-27,12,77.42150000000001,0
2019-12-27,13,77.423,0
2019-12-27,14,77.425,0
2019-12-27,15,77.42750000000001,0
2019-12-27,16,77.42750000000001,0
2019-12-27,17,77.428,0
2019-12-27,18,77.43166666666667,0
2019-12-27,19,77.4325,0
2019-12-27,20,77.4345,0
2019-12-27,21,77.43625,0
2019-12-27,22,77.43825,0
2019-12-27,23,77.43975,0
2019-12-28,00,77.44175,0
2019-12-28,01,77.443,0
2019-12-28,02,77.4445,0
2019-12-28,03,77.44624999999999,0
2019-12-28,04,77.44775,0
2019-12-28,05,77.4495,0
2019-12-28,06,77.451,0
2019-12-28,07,77.45375,0
2019-12-28,08,77.45425,0
2019-12-28,09,77.45575,0
2019-12-28,10,77.4575,0
2019-12-28,11,77.45925,0
2019-12-28,12,77.46125,0
2019-12-28,13,77.46225,0
2019-12-28,14,77.465,0
2019-12-28,15,77.46525,0
2019-12-28,16,77.46625,0
2019-12-28,17,77.46625,0
2019-12-28,18,77.46825,0
2019-12-28,19,77.4695,0
2019-12-28,20,77.47025,0
2019-12-28,21,77.47125,0
2019-12-28,22,77.47225,0
2019-12-28,23,77.474,0
2019-12-29,00,77.47475,0
2019-12-29,01,77.47625,0
2019-12-29,02,77.477,0
2019-12-29,03,77.47825,0
2019-12-29,04,77.479,0
2019-12-29,05,77.47975,0
2019-12-29,06,77.481,0
2019-12-29,07,77.482,0
2019-12-29,08,77.48325,0
2019-12-29,09,77.48400000000001,0
2019-12-29,10,77.4845,0
2019-12-29,11,77.48575,0
2019-12-29,12,77.48625,0
2019-12-29,13,77.4855,0
2019-12-29,14,77.48675,0
2019-12-29,15,77.4855,0
2019-12-29,16,77.4875,0
2019-12-29,17,77.4885,0
2019-12-29,18,77.48975,0
2019-12-29,19,77.48975,0
2019-12-29,20,77.4905,0
2019-12-29,21,77.493,0
2019-12-29,22,77.49275,0
2019-12-29,23,77.49324999999999,0
2019-12-30,00,77.4945,0
2019-12-30,01,77.49549999999999,0
2019-12-30,02,77.49575,0
2019-12-30,03,77.4975,0
2019-12-30,04,77.49825,0
2019-12-30,05,77.49924999999999,0
2019-12-30,06,77.5005,0
2019-12-30,07,77.501,0
2019-12-30,08,77.50075,0
2019-12-30,09,77.50075,0
2019-12-30,10,77.503,0
2019-12-30,11,77.4995,0
2019-12-30,12,77.5,0
2019-12-30,13,77.50225,0
2019-12-30,14,77.502,0
2019-12-30,15,77.49875,0
2019-12-30,16,77.503,0
2019-12-30,17,77.50200000000001,0
2019-12-30,18,77.50425,0
2019-12-30,19,77.50475,0
2019-12-30,20,77.5035,0
2019-12-30,21,77.50375,0
2019-12-30,22,77.50874999999999,0
2019-12-30,23,77.5065,0
2019-12-31,00,77.50825,0
2019-12-31,01,77.508,0
2019-12-31,02,77.50975,0
2019-12-31,03,77.5105,0
2019-12-31,04,77.5115,0
2019-12-31,05,77.51225,0
2019-12-31,06,77.5125,0
2019-12-31,07,77.514,0
2019-12-31,08,77.51474999999999,0
2019-12-31,09,77.5155,0
2019-12-31,10,77.5135,0
2019-12-31,11,77.5155,0
2019-12-31,12,77.5145,0
2019-12-31,13,77.51425,0
2019-12-31,14,77.51775,0
2019-12-31,15,77.51675,0
2019-12-31,16,77.51875,0
2019-12-31,17,77.518,0
2019-12-31,18,77.51825,0
2019-12-31,19,77.52025,0
2019-12-31,20,77.51975,0
2019-12-31,21,77.52074999999999,0
2019-12-31,22,77.5205,0
2019-12-31,23,77.52074999999999,0
2020-01-01,00,77.5215,0
2020-01-01,01,77.52275,0
2020-01-01,02,77.52324999999999,0
2020-01-01,03,77.5245,0
2020-01-01,04,77.52525,0
2020-01-01,05,77.52575,0
2020-01-01,06,77.527,0
2020-01-01,07,77.5275,0
2020-01-01,08,77.52850000000001,0
2020-01-01,09,77.52925,0
2020-01-01,10,77.5315,0
2020-01-01,11,77.53025,0
2020-01-01,12,77.53175,0
2020-01-01,13,77.5325,0
2020-01-01,14,77.5335,0
2020-01-01,15,77.53425,0
2020-01-01,16,77.536,0
2020-01-01,17,77.53425,0
2020-01-01,18,77.536,0
2020-01-01,19,77.5355,0
2020-01-01,20,77.536,0
2020-01-01,21,77.5405,0
2020-01-01,22,77.542,0
2020-01-01,23,77.54350000000001,0
2020-01-02,00,77.544,0
2020-01-02,01,77.5445,0
2020-01-02,02,77.546,0
2020-01-02,03,77.547,0
2020-01-02,04,77.5475,0
2020-01-02,05,77.54875,0
2020-01-02,06,77.54925,0
2020-01-02,07,77.54975,0
2020-01-02,08,77.5505,0
2020-01-02,09,77.5515,0
2020-01-02,10,77.55125000000001,0
2020-01-02,11,77.55250000000001,0
2020-01-02,12,77.55375,0
2020-01-02,13,77.5545,0
2020-01-02,14,77.55600000000001,0
2020-01-02,15,77.55625,0
2020-01-02,16,77.557,0
2020-01-02,17,77.558,0
2020-01-02,18,77.55850000000001,0
2020-01-02,19,77.55825,0
2020-01-02,20,77.56025,0
2020-01-02,21,77.5605,0
2020-01-02,22,77.562,0
2020-01-02,23,77.56325,0
2020-01-03,00,77.5635,0
2020-01-03,01,77.56475,0
2020-01-03,02,77.566,0
2020-01-03,03,77.56625,0
2020-01-03,04,77.5675,0
2020-01-03,05,77.5685,0
2020-01-03,06,77.56925,0
2020-01-03,07,77.5705,0
2020-01-03,08,77.57025,0
2020-01-03,09,77.57124999999999,0
2020-01-03,10,77.57249999999999,0
2020-01-03,11,77.57249999999999,0
2020-01-03,12,77.574,0
2020-01-03,13,77.57425,0
2020-01-03,14,77.575,0
2020-01-03,15,77.57675,0
2020-01-03,16,77.577,0
2020-01-03,17,77.57724999999999,0
2020-01-03,18,77.57775000000001,0
2020-01-03,19,77.57925,0
2020-01-03,20,77.57925,0
2020-01-03,21,77.581,0
2020-01-03,22,77.58224999999999,0
2020-01-03,23,77.58375000000001,0
2020-01-04,00,77.58425,0
2020-01-04,01,77.585,0
2020-01-04,02,77.5865,0
2020-01-04,03,77.58725,0
2020-01-04,04,77.5885,0
2020-01-04,05,77.5895,0
2020-01-04,06,77.58975,0
2020-01-04,07,77.59075,0
2020-01-04,08,77.592,0
2020-01-04,09,77.59375,0
2020-01-04,10,77.594,0
2020-01-04,11,77.5945,0
2020-01-04,12,77.5945,0
2020-01-04,13,77.59625,0
2020-01-04,14,77.59575,0
2020-01-04,15,77.5985,0
2020-01-04,16,77.59649999999999,0
2020-01-04,17,77.59774999999999,0
2020-01-04,18,77.59675,0
2020-01-04,19,77.59825000000001,0
2020-01-04,20,77.59925,0
2020-01-04,21,77.59825000000001,0
2020-01-04,22,77.598,0
2020-01-04,23,77.598,0
2020-01-05,00,77.5995,0
2020-01-05,01,77.59925,0
2020-01-05,02,77.6,0
2020-01-05,03,77.6015,0
2020-01-05,04,77.601,0
2020-01-05,05,77.6035,0
2020-01-05,06,77.6035,0
2020-01-05,07,77.60625,0
2020-01-05,08,77.60499999999999,0
2020-01-05,09,77.60650000000001,0
2020-01-05,10,77.6065,0
2020-01-05,11,77.607,0
2020-01-05,12,77.60775,0
2020-01-05,13,77.60875,0
2020-01-05,14,77.6095,0
2020-01-05,15,77.6095,0
2020-01-05,16,77.61075,0
2020-01-05,17,77.61225,0
2020-01-05,18,77.613,0
2020-01-05,19,77.6125,0
2020-01-05,20,77.6145,0
2020-01-05,21,77.61449999999999,0
2020-01-05,22,77.61574999999999,0
2020-01-05,23,77.61675,0
2020-01-06,00,77.61775,0
2020-01-06,01,77.61875,0
2020-01-06,02,77.6195,0
2020-01-06,03,77.62025,0
2020-01-06,04,77.6215,0
2020-01-06,05,77.6225,0
2020-01-06,06,77.6235,0
2020-01-06,07,77.625,0
2020-01-06,08,77.62675,0
2020-01-06,09,77.62774999999999,0
2020-01-06,10,77.62925,0
2020-01-06,11,77.63,0
2020-01-06,12,77.63075,0
2020-01-06,13,77.63225,0
2020-01-06,14,77.63275,0
2020-01-06,15,77.634,0
2020-01-06,16,77.635,0
2020-01-06,17,77.63675,0
2020-01-06,18,77.6375,0
2020-01-06,19,77.63825,0
2020-01-06,20,77.64025000000001,0
2020-01-06,21,77.64075,0
2020-01-06,22,77.642,0
2020-01-06,23,77.64150000000001,0
2020-01-07,00,77.6425,0
2020-01-07,01,77.6435,0
2020-01-07,02,77.6445,0
2020-01-07,03,77.64574999999999,0
2020-01-07,04,77.6465,0
2020-01-07,05,77.64750000000001,0
2020-01-07,06,77.649,0
2020-01-07,07,77.65025,0
2020-01-07,08,77.65125,0
2020-01-07,09,77.6515,0
2020-01-07,10,77.65275,0
2020-01-07,11,77.65375,0
2020-01-07,12,77.65475,0
2020-01-07,13,77.65575000000001,0
2020-01-07,14,77.65725,0
2020-01-07,15,77.65775,0
2020-01-07,16,77.658,0
2020-01-07,17,77.65899999999999,0
2020-01-07,18,77.6605,0
2020-01-07,19,77.66175,0
2020-01-07,20,77.66275,0
2020-01-07,21,77.66325,0
2020-01-07,22,77.66375,0
2020-01-07,23,77.66575,0
2020-01-08,00,77.666,0
2020-01-08,01,77.66624999999999,0
2020-01-08,02,77.6675,0
2020-01-08,03,77.6675,0
2020-01-08,04,77.6695,0
2020-01-08,05,77.6695,0
2020-01-08,06,77.67125,0
2020-01-08,07,77.6725,0
2020-01-08,08,77.6735,0
2020-01-08,09,77.6755,0
2020-01-08,10,77.67475,0
2020-01-08,11,77.6745,0
2020-01-08,12,77.6775,0
2020-01-08,13,77.67525,0
2020-01-08,14,77.679,0
2020-01-08,15,77.68025,0
2020-01-08,16,77.67925,0
2020-01-08,17,77.68025,0
2020-01-08,18,77.68125,0
2020-01-08,19,77.68225000000001,0
2020-01-08,20,77.68225000000001,0
2020-01-08,21,77.68325,0
2020-01-08,22,77.68425,0
2020-01-08,23,77.684,0
2020-01-09,00,77.68575,0
2020-01-09,01,77.68625,0
2020-01-09,02,77.687,0
2020-01-09,03,77.688,0
2020-01-09,04,77.68825,0
2020-01-09,05,77.69024999999999,0
2020-01-09,06,77.6905,0
2020-01-09,07,77.69225,0
2020-01-09,08,77.6925,0
2020-01-09,09,77.693,0
2020-01-09,10,77.69449999999999,0
2020-01-09,11,77.69524999999999,0
2020-01-09,12,77.6965,0
2020-01-09,13,77.69675,0
2020-01-09,14,77.698,0
2020-01-09,15,77.6985,0
2020-01-09,16,77.6995,0
2020-01-09,17,77.69975,0
2020-01-09,18,77.70124999999999,0
2020-01-09,19,77.702,0
2020-01-09,20,77.703,0
2020-01-09,21,77.70425,0
2020-01-09,22,77.70525,0
2020-01-09,23,77.7065,0
2020-01-10,00,77.7075,0
2020-01-10,01,77.7085,0
2020-01-10,02,77.709,0
2020-01-10,03,77.7105,0
2020-01-10,04,77.71074999999999,0
2020-01-10,05,77.7115,0
2020-01-10,06,77.713,0
2020-01-10,07,77.714,0
2020-01-10,08,77.714,0
2020-01-10,09,77.716,0
2020-01-10,10,77.71575,0
2020-01-10,11,77.7165,0
2020-01-10,12,77.71875,0
2020-01-10,13,77.71925,0
2020-01-10,14,77.721,0
2020-01-10,15,77.721,0
2020-01-10,16,77.72274999999999,0
2020-01-10,17,77.725,0
2020-01-10,18,77.72425,0
2020-01-10,19,77.72550000000001,0
2020-01-10,20,77.726,0
2020-01-10,21,77.7265,0
2020-01-10,22,77.72625,0
2020-01-10,23,77.727,0
2020-01-11,00,77.72825,0
2020-01-11,01,77.72925000000001,0
2020-01-11,02,77.72925000000001,0
2020-01-11,03,77.7305,0
2020-01-11,04,77.73125,0
2020-01-11,05,77.7325,0
2020-01-11,06,77.7325,0
2020-01-11,07,77.734,0
2020-01-11,08,77.735,0
2020-01-11,09,77.73525000000001,0
2020-01-11,10,77.73775,0
2020-01-11,11,77.737,0
2020-01-11,12,77.7365,0
2020-01-11,13,77.7395,0
2020-01-11,14,77.74025,0
2020-01-11,15,77.74125000000001,0
2020-01-11,16,77.743,0
2020-01-11,17,77.74225,0
2020-01-11,18,77.74199999999999,0
2020-01-11,19,77.74275,0
2020-01-11,20,77.74375,0
2020-01-11,21,77.7435,0
2020-01-11,22,77.74425,0
2020-01-11,23,77.74425,0
2020-01-12,00,77.74549999999999,0
2020-01-12,01,77.746,0
2020-01-12,02,77.74725000000001,0
2020-01-12,03,77.74775,0
2020-01-12,04,77.7475,0
2020-01-12,05,77.7485,0
2020-01-12,06,77.74975,0
2020-01-12,07,77.75125,0
2020-01-12,08,77.75200000000001,0
2020-01-12,09,77.75275,0
2020-01-12,10,77.75274999999999,0
2020-01-12,11,77.753,0
2020-01-12,12,77.7525,0
2020-01-12,13,77.752,0
2020-01-12,14,77.75274999999999,0
2020-01-12,15,77.7535,0
2020-01-12,16,77.75375,0
2020-01-12,17,77.75325,0
2020-01-12,18,77.7535,0
2020-01-12,19,77.75274999999999,0
2020-01-12,20,77.75175,0
2020-01-12,21,77.75325000000001,0
2020-01-12,22,77.753,0
2020-01-12,23,77.75225,0
2020-01-13,00,77.752,0
2020-01-13,01,77.75175,0
2020-01-13,02,77.75175,0
2020-01-13,03,77.75175,0
2020-01-13,04,77.7515,0
2020-01-13,05,77.752,0
2020-01-13,06,77.751,0
2020-01-13,07,77.75125,0
2020-01-13,08,77.7505,0
2020-01-13,09,77.75025,0
2020-01-13,10,77.74925,0
2020-01-13,11,77.7495,0
2020-01-13,12,77.75,0
2020-01-13,13,77.74975,0
2020-01-13,14,77.75025,0
2020-01-13,15,77.74825,0
2020-01-13,16,77.749,0
2020-01-13,17,77.74875,0
2020-01-13,18,77.74875,0
2020-01-13,19,77.7485,0
2020-01-13,20,77.74875,0
2020-01-13,21,77.74875,0
2020-01-13,22,77.748,0
2020-01-13,23,77.749,0
2020-01-14,00,77.74825,0
2020-01-14,01,77.74775,0
2020-01-14,02,77.74775,0
2020-01-14,03,77.748,0
2020-01-14,04,77.74775,0
2020-01-14,05,77.7475,0
2020-01-14,06,77.74825,0
2020-01-14,07,77.7465,0
2020-01-14,08,77.74674999999999,0
2020-01-14,09,77.74575,0
2020-01-14,10,77.74675,0
2020-01-14,11,77.745,0
2020-01-14,12,77.7465,0
2020-01-14,13,77.746,0
2020-01-14,14,77.746,0
2020-01-14,15,77.743,0
2020-01-14,16,77.7435,0
2020-01-14,17,77.744,0
2020-01-14,18,77.74375,0
2020-01-14,19,77.7435,0
2020-01-14,20,77.743,0
2020-01-14,21,77.743,0
2020-01-14,22,77.74225,0
2020-01-14,23,77.7425,0
2020-01-15,00,77.74225,0
2020-01-15,01,77.74275,0
2020-01-15,02,77.7425,0
2020-01-15,03,77.742,0
2020-01-15,04,77.742,0
2020-01-15,05,77.742,0
2020-01-15,06,77.74175,0
2020-01-15,07,77.7415,0
2020-01-15,08,77.74125000000001,0
2020-01-15,09,77.74074999999999,0
2020-01-15,10,77.74,0
2020-01-15,11,77.74025,0
2020-01-15,12,77.73949999999999,0
2020-01-15,13,77.74125000000001,0
2020-01-15,14,77.74725000000001,0
2020-01-15,15,77.75725,0
2020-01-15,16,77.75975,0
2020-01-15,17,77.7585,0
2020-01-15,18,77.7585,0
2020-01-15,19,77.74674999999999,0
2020-01-15,20,77.74674999999999,0
2020-01-15,21,77.747,0
2020-01-15,22,77.74725000000001,0
2020-01-15,23,77.74674999999999,0
2020-01-16,00,77.74725000000001,0
2020-01-16,01,77.74625,0
2020-01-16,02,77.747,0
2020-01-16,03,77.746,0
2020-01-16,04,77.74625,0
2020-01-16,05,77.74475,0
2020-01-16,06,77.7465,0
2020-01-16,07,77.745,0
2020-01-16,08,77.7465,0
2020-01-16,09,77.74525,0
2020-01-16,10,77.74675,0
2020-01-16,11,77.745,0
2020-01-16,12,77.74375,0
2020-01-16,13,77.744,0
2020-01-16,14,77.7455,0
2020-01-16,15,77.74375,0
2020-01-16,16,77.74275,0
2020-01-16,17,77.74175,0
2020-01-16,18,77.74175,0
2020-01-16,19,77.741,0
2020-01-16,20,77.73875,0
2020-01-16,21,77.7385,0
2020-01-16,22,77.738,0
2020-01-16,23,77.7375,0
2020-01-17,00,77.73725,0
2020-01-17,01,77.7375,0
2020-01-17,02,77.73625,0
2020-01-17,03,77.73575,0
2020-01-17,04,77.736,0
2020-01-17,05,77.73575,0
2020-01-17,06,77.73425,0
2020-01-17,07,77.7345,0
2020-01-17,08,77.73474999999999,0
2020-01-17,09,77.73375,0
2020-01-17,10,77.7335,0
2020-01-17,11,77.73275,0
2020-01-17,12,77.73175,0
2020-01-17,13,77.732,0
2020-01-17,14,77.73275,0
2020-01-17,15,77.73225,0
2020-01-17,16,77.73125,0
2020-01-17,17,77.73025,0
2020-01-17,18,77.73,0
2020-01-17,19,77.7315,0
2020-01-17,20,77.73075,0
2020-01-17,21,77.73,0
2020-01-17,22,77.73,0
2020-01-17,23,77.72925000000001,0
2020-01-18,00,77.72825,0
2020-01-18,01,77.7285,0
2020-01-18,02,77.728,0
2020-01-18,03,77.72825,0
2020-01-18,04,77.728,0
2020-01-18,05,77.728,0
2020-01-18,06,77.72749999999999,0
2020-01-18,07,77.72749999999999,0
2020-01-18,08,77.72675000000001,0
2020-01-18,09,77.7255,0
2020-01-18,10,77.7255,0
2020-01-18,11,77.7255,0
2020-01-18,12,77.72425,0
2020-01-18,13,77.7235,0
2020-01-18,14,77.72200000000001,0
2020-01-18,15,77.72225,0
2020-01-18,16,77.72125,0
2020-01-18,17,77.71975,0
2020-01-18,18,77.7195,0
2020-01-18,19,77.71924999999999,0
2020-01-18,20,77.7185,0
2020-01-18,21,77.7185,0
2020-01-18,22,77.7185,0
2020-01-18,23,77.71875,0
2020-01-19,00,77.718,0
2020-01-19,01,77.7185,0
2020-01-19,02,77.71775,0
2020-01-19,03,77.718,0
2020-01-19,04,77.71775,0
2020-01-19,05,77.7175,0
2020-01-19,06,77.71725,0
2020-01-19,07,77.71725,0
2020-01-19,08,77.717,0
2020-01-19,09,77.71674999999999,0
2020-01-19,10,77.71674999999999,0
2020-01-19,11,77.71625,0
2020-01-19,12,77.716,0
2020-01-19,13,77.714,0
2020-01-19,14,77.714,0
2020-01-19,15,77.715,0
2020-01-19,16,77.7135,0
2020-01-19,17,77.71424999999999,0
2020-01-19,18,77.71475,0
2020-01-19,19,77.71475,0
2020-01-19,20,77.71325,0
2020-01-19,21,77.7125,0
2020-01-19,22,77.71225,0
2020-01-19,23,77.71225,0
2020-01-20,00,77.71225,0
2020-01-20,01,77.71175,0
2020-01-20,02,77.71125,0
2020-01-20,03,77.7135,0
2020-01-20,04,77.71375,0
2020-01-20,05,77.7135,0
2020-01-20,06,77.71424999999999,0
2020-01-20,07,77.71424999999999,0
2020-01-20,08,77.71424999999999,0
2020-01-20,09,77.7135,0
2020-01-20,10,77.713,0
2020-01-20,11,77.713,0
2020-01-20,12,77.71375,0
2020-01-20,13,77.71549999999999,0
2020-01-20,14,77.7195,0
2020-01-20,15,77.71875,0
2020-01-20,16,77.71925,0
2020-01-20,17,77.7185,0
2020-01-20,18,77.719,0
2020-01-20,19,77.718,0
2020-01-20,20,77.71825,0
2020-01-20,21,77.71875,0
2020-01-20,22,77.71875,0
2020-01-20,23,77.71799999999999,0
2020-01-21,00,77.718,0
2020-01-21,01,77.7175,0
2020-01-21,02,77.7175,0
2020-01-21,03,77.717,0
2020-01-21,04,77.717,0
2020-01-21,05,77.717,0
2020-01-21,06,77.717,0
2020-01-21,07,77.71674999999999,0
2020-01-21,08,77.71625,0
2020-01-21,09,77.71575,0
2020-01-21,10,77.71549999999999,0
2020-01-21,11,77.71549999999999,0
2020-01-21,12,77.7145,0
2020-01-21,13,77.7135,0
2020-01-21,14,77.714,0
2020-01-21,15,77.714,0
2020-01-21,16,77.71375,0
2020-01-21,17,77.71350000000001,0
2020-01-21,18,77.7125,0
2020-01-21,19,77.7125,0
2020-01-21,20,77.71225,0
2020-01-21,21,77.71225,0
2020-01-21,22,77.712,0
2020-01-21,23,77.71175,0
2020-01-22,00,77.71125,0
2020-01-22,01,77.71175,0
2020-01-22,02,77.71125,0
2020-01-22,03,77.711,0
2020-01-22,04,77.71124999999999,0
2020-01-22,05,77.7105,0
2020-01-22,06,77.71074999999999,0
2020-01-22,07,77.70949999999999,0
2020-01-22,08,77.71,0
2020-01-22,09,77.7085,0
2020-01-22,10,77.7075,0
2020-01-22,11,77.70675,0
2020-01-22,12,77.706,0
2020-01-22,13,77.70599999999999,0
2020-01-22,14,77.7045,0
2020-01-22,15,77.706,0
2020-01-22,16,77.70425,0
2020-01-22,17,77.704,0
2020-01-22,18,77.705,0
2020-01-22,19,77.70524999999999,0
2020-01-22,20,77.706,0
2020-01-22,21,77.70425,0
2020-01-22,22,77.70425,0
2020-01-22,23,77.70375,0
2020-01-23,00,77.7045,0
2020-01-23,01,77.7045,0
2020-01-23,02,77.70525,0
2020-01-23,03,77.70474999999999,0
2020-01-23,04,77.705,0
2020-01-23,05,77.70474999999999,0
2020-01-23,06,77.705,0
2020-01-23,07,77.70474999999999,0
2020-01-23,08,77.70425,0
2020-01-23,09,77.70375,0
2020-01-23,10,77.70375,0
2020-01-23,11,77.702,0
2020-01-23,12,77.7085,0
2020-01-23,13,77.70375,0
2020-01-23,14,77.7025,0
2020-01-23,15,77.702,0
2020-01-23,16,77.70224999999999,0
2020-01-23,17,77.70075,0
2020-01-23,18,77.70224999999999,0
2020-01-23,19,77.70125,0
2020-01-23,20,77.69675,0
2020-01-23,21,77.69725,0
2020-01-23,22,77.69749999999999,0
2020-01-23,23,77.698,0
2020-01-24,00,77.69675000000001,0
2020-01-24,01,77.696,0
2020-01-24,02,77.69624999999999,0
2020-01-24,03,77.696,0
2020-01-24,04,77.696,0
2020-01-24,05,77.69524999999999,0
2020-01-24,06,77.695,0
2020-01-24,07,77.69524999999999,0
2020-01-24,08,77.69375,0
2020-01-24,09,77.6885,0
2020-01-24,10,77.683,0
2020-01-24,11,77.68100000000001,0
2020-01-24,12,77.68175,0
2020-01-24,13,77.6815,0
2020-01-24,14,77.68075,0
2020-01-24,15,77.68100000000001,0
2020-01-24,16,77.6805,0
2020-01-24,17,77.67975,0
2020-01-24,18,77.679,0
2020-01-24,19,77.67975,0
2020-01-24,20,77.67875000000001,0
2020-01-24,21,77.67925,0
2020-01-24,22,77.679,0
2020-01-24,23,77.6785,0
2020-01-25,00,77.67875000000001,0
2020-01-25,01,77.67824999999999,0
2020-01-25,02,77.67824999999999,0
2020-01-25,03,77.678,0
2020-01-25,04,77.67775,0
2020-01-25,05,77.678,0
2020-01-25,06,77.67750000000001,0
2020-01-25,07,77.67725,0
2020-01-25,08,77.67725,0
2020-01-25,09,77.677,0
2020-01-25,10,77.67575,0
2020-01-25,11,77.6765,0
2020-01-25,12,77.67675,0
2020-01-25,13,77.67625,0
2020-01-25,14,77.67625,0
2020-01-25,15,77.67475,0
2020-01-25,16,77.674,0
2020-01-25,17,77.67475,0
2020-01-25,18,77.6755,0
2020-01-25,19,77.67275000000001,0
2020-01-25,20,77.673,0
2020-01-25,21,77.673,0
2020-01-25,22,77.67325,0
2020-01-25,23,77.67275000000001,0
2020-01-26,00,77.67275000000001,0
2020-01-26,01,77.67275000000001,0
2020-01-26,02,77.673,0
2020-01-26,03,77.672,0
2020-01-26,04,77.672,0
2020-01-26,05,77.67275000000001,0
2020-01-26,06,77.67125,0
2020-01-26,07,77.67125,0
2020-01-26,08,77.671,0
2020-01-26,09,77.67075,0
2020-01-26,10,77.67225,0
2020-01-26,11,77.6705,0
2020-01-26,12,77.67,0
2020-01-26,13,77.67075,0
2020-01-26,14,77.67025000000001,0
2020-01-26,15,77.66725,0
2020-01-26,16,77.66925,0
2020-01-26,17,77.6685,0
2020-01-26,18,77.66725,0
2020-01-26,19,77.667,0
2020-01-26,20,77.66675000000001,0
2020-01-26,21,77.666,0
2020-01-26,22,77.66550000000001,0
2020-01-26,23,77.6665,0
2020-01-27,00,77.665,0
2020-01-27,01,77.66550000000001,0
2020-01-27,02,77.66475,0
2020-01-27,03,77.66475,0
2020-01-27,04,77.664,0
2020-01-27,05,77.66475,0
2020-01-27,06,77.664,0
2020-01-27,07,77.66425000000001,0
2020-01-27,08,77.66325,0
2020-01-27,09,77.66325,0
2020-01-27,10,77.663,0
2020-01-27,11,77.66225,0
2020-01-27,12,77.6635,0
2020-01-27,13,77.663,0
2020-01-27,14,77.661,0
2020-01-27,15,77.66125,0
2020-01-27,16,77.66075000000001,0
2020-01-27,17,77.66,0
2020-01-27,18,77.66025,0
2020-01-27,19,77.65925,0
2020-01-27,20,77.6585,0
2020-01-27,21,77.65925,0
2020-01-27,22,77.659,0
2020-01-27,23,77.65875,0
2020-01-28,00,77.658,0
2020-01-28,01,77.65825000000001,0
2020-01-28,02,77.65725,0
2020-01-28,03,77.6575,0
2020-01-28,04,77.6575,0
2020-01-28,05,77.65725,0
2020-01-28,06,77.657,0
2020-01-28,07,77.6565,0
2020-01-28,08,77.6565,0
2020-01-28,09,77.65625,0
2020-01-28,10,77.65675,0
2020-01-28,11,77.65475,0
2020-01-28,12,77.65375,0
2020-01-28,13,77.65525,0
2020-01-28,14,77.65725,0
2020-01-28,15,77.65525000000001,0
2020-01-28,16,77.65375,0
2020-01-28,17,77.653,0
2020-01-28,18,77.65275,0
2020-01-28,19,77.65174999999999,0
2020-01-28,20,77.6515,0
2020-01-28,21,77.6515,0
2020-01-28,22,77.651,0
2020-01-28,23,77.651,0
2020-01-29,00,77.65125,0
2020-01-29,01,77.65025,0
2020-01-29,02,77.6505,0
2020-01-29,03,77.65025,0
2020-01-29,04,77.65,0
2020-01-29,05,77.65,0
2020-01-29,06,77.65,0
2020-01-29,07,77.65025,0
2020-01-29,08,77.64925,0
2020-01-29,09,77.64925,0
2020-01-29,10,77.649,0
2020-01-29,11,77.649,0
2020-01-29,12,77.649,0
2020-01-29,13,77.648,0
2020-01-29,14,77.648,0
2020-01-29,15,77.64775,0
2020-01-29,16,77.64675,0
2020-01-29,17,77.646,0
2020-01-29,18,77.647,0
2020-01-29,19,77.646,0
2020-01-29,20,77.646,0
2020-01-29,21,77.646,0
2020-01-29,22,77.646,0
2020-01-29,23,77.646,0
2020-01-30,00,77.646,0
2020-01-30,01,77.6455,0
2020-01-30,02,77.64525,0
2020-01-30,03,77.645,0
2020-01-30,04,77.645,0
2020-01-30,05,77.64475,0
2020-01-30,06,77.6445,0
2020-01-30,07,77.6445,0
2020-01-30,08,77.64325,0
2020-01-30,09,77.64325,0
2020-01-30,10,77.644,0
2020-01-30,11,77.64175,0
2020-01-30,12,77.64275,0
2020-01-30,13,77.642,0
2020-01-30,14,77.64099999999999,0
2020-01-30,15,77.64075,0
2020-01-30,16,77.64075,0
2020-01-30,17,77.64150000000001,0
2020-01-30,18,77.64075,0
2020-01-30,19,77.641,0
2020-01-30,20,77.6405,0
2020-01-30,21,77.6405,0
2020-01-30,22,77.64,0
2020-01-30,23,77.64,0
2020-01-31,00,77.64,0
2020-01-31,01,77.6395,0
2020-01-31,02,77.63974999999999,0
2020-01-31,03,77.6395,0
2020-01-31,04,77.6395,0
2020-01-31,05,77.6395,0
2020-01-31,06,77.639,0
2020-01-31,07,77.6385,0
2020-01-31,08,77.639,0
2020-01-31,09,77.63775,0
2020-01-31,10,77.63725,0
2020-01-31,11,77.63475,0
2020-01-31,12,77.63550000000001,0
2020-01-31,13,77.63525,0
2020-01-31,14,77.63175,0
2020-01-31,15,77.63275,0
2020-01-31,16,77.632,0
2020-01-31,17,77.63075,0
2020-01-31,18,77.631,0
2020-01-31,19,77.63125,0
2020-01-31,20,77.6315,0
2020-01-31,21,77.63175000000001,0
2020-01-31,22,77.631,0
2020-01-31,23,77.63125,0
2020-02-01,00,77.63225,0
2020-02-01,01,77.6315,0
2020-02-01,02,77.63175,0
2020-02-01,03,77.63075,0
2020-02-01,04,77.63075,0
2020-02-01,05,77.6305,0
2020-02-01,06,77.631,0
2020-02-01,07,77.63075,0
2020-02-01,08,77.63075,0
2020-02-01,09,77.63,0
2020-02-01,10,77.63,0
2020-02-01,11,77.6285,0
2020-02-01,12,77.6315,0
2020-02-01,13,77.6285,0
2020-02-01,14,77.62875,0
2020-02-01,15,77.628,0
2020-02-01,16,77.62925,0
2020-02-01,17,77.628,0
2020-02-01,18,77.62875,0
2020-02-01,19,77.62775,0
2020-02-01,20,77.62774999999999,0
2020-02-01,21,77.62774999999999,0
2020-02-01,22,77.62625,0
2020-02-01,23,77.62575000000001,0
2020-02-02,00,77.62625,0
2020-02-02,01,77.626,0
2020-02-02,02,77.62475,0
2020-02-02,03,77.62475,0
2020-02-02,04,77.62475,0
2020-02-02,05,77.624,0
2020-02-02,06,77.62375,0
2020-02-02,07,77.625,0
2020-02-02,08,77.62349999999999,0
2020-02-02,09,77.6245,0
2020-02-02,10,77.622,0
2020-02-02,11,77.62174999999999,0
2020-02-02,12,77.62075,0
2020-02-02,13,77.61925,0
2020-02-02,14,77.62175,0
2020-02-02,15,77.62025,0
2020-02-02,16,77.61875,0
2020-02-02,17,77.6175,0
2020-02-02,18,77.617,0
2020-02-02,19,77.61675,0
2020-02-02,20,77.61675,0
2020-02-02,21,77.61625000000001,0
2020-02-02,22,77.6165,0
2020-02-02,23,77.61525,0
2020-02-03,00,77.6155,0
2020-02-03,01,77.61475,0
2020-02-03,02,77.6135,0
2020-02-03,03,77.6135,0
2020-02-03,04,77.61275,0
2020-02-03,05,77.61275,0
2020-02-03,06,77.613,0
2020-02-03,07,77.61225,0
2020-02-03,08,77.6135,0
2020-02-03,09,77.61274999999999,0
2020-02-03,10,77.60975,0
2020-02-03,11,77.61075,0
2020-02-03,12,77.61175,0
2020-02-03,13,77.61125,0
2020-02-03,14,77.60725,0
2020-02-03,15,77.60775,0
2020-02-03,16,77.6095,0
2020-02-03,17,77.60675,0
2020-02-03,18,77.60625,0
2020-02-03,19,77.60525,0
2020-02-03,20,77.60425000000001,0
2020-02-03,21,77.604,0
2020-02-03,22,77.603,0
2020-02-03,23,77.6035,0
2020-02-04,00,77.6035,0
2020-02-04,01,77.60249999999999,0
2020-02-04,02,77.60125,0
2020-02-04,03,77.601,0
2020-02-04,04,77.60125,0
2020-02-04,05,77.60075,0
2020-02-04,06,77.60125,0
2020-02-04,07,77.60125,0
2020-02-04,08,77.60075,0
2020-02-04,09,77.5995,0
2020-02-04,10,77.59925,0
2020-02-04,11,77.599,0
2020-02-04,12,77.597,0
2020-02-04,13,77.5985,0
2020-02-04,14,77.5945,0
2020-02-04,15,77.59700000000001,0
2020-02-04,16,77.5955,0
2020-02-04,17,77.59525000000001,0
2020-02-04,18,77.59475,0
2020-02-04,19,77.59424999999999,0
2020-02-04,20,77.59424999999999,0
2020-02-04,21,77.59475,0
2020-02-04,22,77.5945,0
2020-02-04,23,77.5945,0
2020-02-05,00,77.594,0
2020-02-05,01,77.5935,0
2020-02-05,02,77.5925,0
2020-02-05,03,77.59275,0
2020-02-05,04,77.5925,0
2020-02-05,05,77.59174999999999,0
2020-02-05,06,77.5915,0
2020-02-05,07,77.59125,0
2020-02-05,08,77.59125,0
2020-02-05,09,77.59049999999999,0
2020-02-05,10,77.59,0
2020-02-05,11,77.59,0
2020-02-05,12,77.58975,0
2020-02-05,13,77.5895,0
2020-02-05,14,77.58875,0
2020-02-05,15,77.588,0
2020-02-05,16,77.589,0
2020-02-05,17,77.58825,0
2020-02-05,18,77.58824999999999,0
2020-02-05,19,77.58775,0
2020-02-05,20,77.5875,0
2020-02-05,21,77.5875,0
2020-02-05,22,77.58775,0
2020-02-05,23,77.588,0
2020-02-06,00,77.5865,0
2020-02-06,01,77.5865,0
2020-02-06,02,77.58574999999999,0
2020-02-06,03,77.5855,0
2020-02-06,04,77.58449999999999,0
2020-02-06,05,77.58475,0
2020-02-06,06,77.58449999999999,0
2020-02-06,07,77.58425,0
2020-02-06,08,77.58449999999999,0
2020-02-06,09,77.584,0
2020-02-06,10,77.58425,0
2020-02-06,11,77.583,0
2020-02-06,12,77.5825,0
2020-02-06,13,77.5815,0
2020-02-06,14,77.581,0
2020-02-06,15,77.58275,0
2020-02-06,16,77.582,0
2020-02-06,17,77.58125,0
2020-02-06,18,77.58125,0
2020-02-06,19,77.581,0
2020-02-06,20,77.58324999999999,0
2020-02-06,21,77.584,0
2020-02-06,22,77.58225,0
2020-02-06,23,77.586,0
2020-02-07,00,77.58425,0
2020-02-07,01,77.585,0
2020-02-07,02,77.58625,0
2020-02-07,03,77.586,0
2020-02-07,04,77.5855,0
2020-02-07,05,77.58525,0
2020-02-07,06,77.58525,0
2020-02-07,07,77.585,0
2020-02-07,08,77.58425,0
2020-02-07,09,77.58475,0
2020-02-07,10,77.58475,0
2020-02-07,11,77.585,0
2020-02-07,12,77.58275,0
2020-02-07,13,77.58175,0
2020-02-07,14,77.583,0
2020-02-07,15,77.58275,0
2020-02-07,16,77.583,0
2020-02-07,17,77.58275,0
2020-02-07,18,77.58225,0
2020-02-07,19,77.58125,0
2020-02-07,20,77.58075,0
2020-02-07,21,77.58075,0
2020-02-07,22,77.58125,0
2020-02-07,23,77.58075,0
2020-02-08,00,77.58075,0
2020-02-08,01,77.58125,0
2020-02-08,02,77.58075,0
2020-02-08,03,77.581,0
2020-02-08,04,77.5805,0
2020-02-08,05,77.5795,0
2020-02-08,06,77.58025,0
2020-02-08,07,77.57974999999999,0
2020-02-08,08,77.57925,0
2020-02-08,09,77.57974999999999,0
2020-02-08,10,77.57825,0
2020-02-08,11,77.57849999999999,0
2020-02-08,12,77.57675,0
2020-02-08,13,77.57875,0
2020-02-08,14,77.57624999999999,0
2020-02-08,15,77.57775,0
2020-02-08,16,77.57575,0
2020-02-08,17,77.576,0
2020-02-08,18,77.576,0
2020-02-08,19,77.576,0
2020-02-08,20,77.575,0
2020-02-08,21,77.57475,0
2020-02-08,22,77.575,0
2020-02-08,23,77.57525,0
2020-02-09,00,77.57475,0
2020-02-09,01,77.57475,0
2020-02-09,02,77.575,0
2020-02-09,03,77.575,0
2020-02-09,04,77.57475,0
2020-02-09,05,77.57425,0
2020-02-09,06,77.57374999999999,0
2020-02-09,07,77.57425,0
2020-02-09,08,77.574,0
2020-02-09,09,77.57374999999999,0
2020-02-09,10,77.57374999999999,0
2020-02-09,11,77.57375,0
2020-02-09,12,77.57325,0
2020-02-09,13,77.57249999999999,0
2020-02-09,14,77.571,0
2020-02-09,15,77.571,0
2020-02-09,16,77.57175000000001,0
2020-02-09,17,77.57,0
2020-02-09,18,77.5705,0
2020-02-09,19,77.5695,0
2020-02-09,20,77.5705,0
2020-02-09,21,77.56975,0
2020-02-09,22,77.5695,0
2020-02-09,23,77.568,0
2020-02-10,00,77.56875,0
2020-02-10,01,77.56775,0
2020-02-10,02,77.56925,0
2020-02-10,03,77.57124999999999,0
2020-02-10,04,77.5715,0
2020-02-10,05,77.572,0
2020-02-10,06,77.57275,0
2020-02-10,07,77.57124999999999,0
2020-02-10,08,77.571,0
2020-02-10,09,77.5705,0
2020-02-10,10,77.5705,0
2020-02-10,11,77.56975,0
2020-02-10,12,77.5695,0
2020-02-10,13,77.56925,0
2020-02-10,14,77.5695,0
2020-02-10,15,77.5705,0
2020-02-10,16,77.57025,0
2020-02-10,17,77.57024999999999,0
2020-02-10,18,77.57,0
2020-02-10,19,77.57,0
2020-02-10,20,77.569,0
2020-02-10,21,77.56925,0
2020-02-10,22,77.56875,0
2020-02-10,23,77.569,0
2020-02-11,00,77.56875,0
2020-02-11,01,77.569,0
2020-02-11,02,77.56875,0
2020-02-11,03,77.569,0
2020-02-11,04,77.56825,0
2020-02-11,05,77.569,0
2020-02-11,06,77.5685,0
2020-02-11,07,77.5685,0
2020-02-11,08,77.56825,0
2020-02-11,09,77.568,0
2020-02-11,10,77.568,0
2020-02-11,11,77.56825,0
2020-02-11,12,77.56774999999999,0
2020-02-11,13,77.568,0
2020-02-11,14,77.568,0
2020-02-11,15,77.56725,0
2020-02-11,16,77.56625,0
2020-02-11,17,77.568,0
2020-02-11,18,77.56675,0
2020-02-11,19,77.56675,0
2020-02-11,20,77.56524999999999,0
2020-02-11,21,77.56625,0
2020-02-11,22,77.5645,0
2020-02-11,23,77.56475,0
2020-02-12,00,77.56424999999999,0
2020-02-12,01,77.564,0
2020-02-12,02,77.56475,0
2020-02-12,03,77.56424999999999,0
2020-02-12,04,77.56375,0
2020-02-12,05,77.56375,0
2020-02-12,06,77.563,0
2020-02-12,07,77.564,0
2020-02-12,08,77.564,0
2020-02-12,09,77.56325,0
2020-02-12,10,77.5615,0
2020-02-12,11,77.56225,0
2020-02-12,12,77.56325,0
2020-02-12,13,77.562,0
2020-02-12,14,77.56125,0
2020-02-12,15,77.56175,0
2020-02-12,16,77.5605,0
2020-02-12,17,77.5605,0
2020-02-12,18,77.56075,0
2020-02-12,19,77.561,0
2020-02-12,20,77.56125,0
2020-02-12,21,77.561,0
2020-02-12,22,77.5605,0
2020-02-12,23,77.56025,0
2020-02-13,00,77.5595,0
2020-02-13,01,77.5595,0
2020-02-13,02,77.55850000000001,0
2020-02-13,03,77.55825,0
2020-02-13,04,77.559,0
2020-02-13,05,77.55825,0
2020-02-13,06,77.557,0
2020-02-13,07,77.55725000000001,0
2020-02-13,08,77.55725000000001,0
2020-02-13,09,77.557,0
2020-02-13,10,77.55675,0
2020-02-13,11,77.5565,0
2020-02-13,12,77.556,0
2020-02-13,13,77.556,0
2020-02-13,14,77.556,0
2020-02-13,15,77.55475,0
2020-02-13,16,77.556,0
2020-02-13,17,77.55475000000001,0
2020-02-13,18,77.55525,0
2020-02-13,19,77.555,0
2020-02-13,20,77.55475000000001,0
2020-02-13,21,77.55475000000001,0
2020-02-13,22,77.55475000000001,0
2020-02-13,23,77.5545,0
2020-02-14,00,77.55425,0
2020-02-14,01,77.55375000000001,0
2020-02-14,02,77.55425,0
2020-02-14,03,77.553,0
2020-02-14,04,77.55324999999999,0
2020-02-14,05,77.55324999999999,0
2020-02-14,06,77.553,0
2020-02-14,07,77.55250000000001,0
2020-02-14,08,77.5515,0
2020-02-14,09,77.55199999999999,0
2020-02-14,10,77.55225,0
2020-02-14,11,77.5515,0
2020-02-14,12,77.551,0
2020-02-14,13,77.5555,0
2020-02-14,14,77.55875,0
2020-02-14,15,77.557,0
2020-02-14,16,77.55725000000001,0
2020-02-14,17,77.5575,0
2020-02-14,18,77.55825,0
2020-02-14,19,77.55825,0
2020-02-14,20,77.55775,0
2020-02-14,21,77.55725000000001,0
2020-02-14,22,77.5575,0
2020-02-14,23,77.55725000000001,0
2020-02-15,00,77.55725000000001,0
2020-02-15,01,77.5575,0
2020-02-15,02,77.557,0
2020-02-15,03,77.557,0
2020-02-15,04,77.557,0
2020-02-15,05,77.557,0
2020-02-15,06,77.55675,0
2020-02-15,07,77.55675,0
2020-02-15,08,77.55575,0
2020-02-15,09,77.55575,0
2020-02-15,10,77.55575,0
2020-02-15,11,77.55525,0
2020-02-15,12,77.5555,0
2020-02-15,13,77.55325,0
2020-02-15,14,77.55575,0
2020-02-15,15,77.5535,0
2020-02-15,16,77.55375000000001,0
2020-02-15,17,77.55324999999999,0
2020-02-15,18,77.55375000000001,0
2020-02-15,19,77.553,0
2020-02-15,20,77.55275,0
2020-02-15,21,77.55250000000001,0
2020-02-15,22,77.551,0
2020-02-15,23,77.55075,0
2020-02-16,00,77.5505,0
2020-02-16,01,77.54975,0
2020-02-16,02,77.54975,0
2020-02-16,03,77.54925,0
2020-02-16,04,77.54875000000001,0
2020-02-16,05,77.549,0
2020-02-16,06,77.54875000000001,0
2020-02-16,07,77.5485,0
2020-02-16,08,77.54825,0
2020-02-16,09,77.54825,0
2020-02-16,10,77.547,0
2020-02-16,11,77.547,0
2020-02-16,12,77.547,0
2020-02-16,13,77.54650000000001,0
2020-02-16,14,77.547,0
2020-02-16,15,77.54525000000001,0
2020-02-16,16,77.5455,0
2020-02-16,17,77.545,0
2020-02-16,18,77.545,0
2020-02-16,19,77.54475,0
2020-02-16,20,77.54425,0
2020-02-16,21,77.54425,0
2020-02-16,22,77.54375,0
2020-02-16,23,77.544,0
2020-02-17,00,77.54425,0
2020-02-17,01,77.543,0
2020-02-17,02,77.54325,0
2020-02-17,03,77.54325,0
2020-02-17,04,77.54325,0
2020-02-17,05,77.54275000000001,0
2020-02-17,06,77.543,0
2020-02-17,07,77.54225,0
2020-02-17,08,77.542,0
2020-02-17,09,77.542,0
2020-02-17,10,77.542,0
2020-02-17,11,77.54124999999999,0
2020-02-17,12,77.54175000000001,0
2020-02-17,13,77.5415,0
2020-02-17,14,77.54124999999999,0
2020-02-17,15,77.541,0
2020-02-17,16,77.54025,0
2020-02-17,17,77.54025,0
2020-02-17,18,77.5395,0
2020-02-17,19,77.5385,0
2020-02-17,20,77.539,0
2020-02-17,21,77.53875,0
2020-02-17,22,77.5385,0
2020-02-17,23,77.53775,0
2020-02-18,00,77.5375,0
2020-02-18,01,77.538,0
2020-02-18,02,77.53775,0
2020-02-18,03,77.53775,0
2020-02-18,04,77.53775,0
2020-02-18,05,77.538,0
2020-02-18,06,77.53675000000001,0
2020-02-18,07,77.538,0
2020-02-18,08,77.53675000000001,0
2020-02-18,09,77.5355,0
2020-02-18,10,77.53725,0
2020-02-18,11,77.53525,0
2020-02-18,12,77.53475,0
2020-02-18,13,77.534,0
2020-02-18,14,77.53275,0
2020-02-18,15,77.535,0
2020-02-18,16,77.532,0
2020-02-18,17,77.53125,0
2020-02-18,18,77.53125,0
2020-02-18,19,77.53125,0
2020-02-18,20,77.52825,0
2020-02-18,21,77.528,0
2020-02-18,22,77.52775,0
2020-02-18,23,77.5285,0
2020-02-19,00,77.528,0
2020-02-19,01,77.5265,0
2020-02-19,02,77.52674999999999,0
2020-02-19,03,77.5265,0
2020-02-19,04,77.5255,0
2020-02-19,05,77.5255,0
2020-02-19,06,77.52625,0
2020-02-19,07,77.525,0
2020-02-19,08,77.52575,0
2020-02-19,09,77.52425,0
2020-02-19,10,77.52575,0
2020-02-19,11,77.523,0
2020-02-19,12,77.52325,0
2020-02-19,13,77.523,0
2020-02-19,14,77.5215,0
2020-02-19,15,77.5235,0
2020-02-19,16,77.52275,0
2020-02-19,17,77.5215,0
2020-02-19,18,77.519,0
2020-02-19,19,77.51875,0
2020-02-19,20,77.518,0
2020-02-19,21,77.51775,0
2020-02-19,22,77.51725,0
2020-02-19,23,77.517,0
2020-02-20,00,77.51724999999999,0
2020-02-20,01,77.51625,0
2020-02-20,02,77.51625,0
2020-02-20,03,77.51525000000001,0
2020-02-20,04,77.5155,0
2020-02-20,05,77.5155,0
2020-02-20,06,77.51575,0
2020-02-20,07,77.51525000000001,0
2020-02-20,08,77.51525000000001,0
2020-02-20,09,77.51474999999999,0
2020-02-20,10,77.51525000000001,0
2020-02-20,11,77.51325,0
2020-02-20,12,77.51275000000001,0
2020-02-20,13,77.51275,0
2020-02-20,14,77.5115,0
2020-02-20,15,77.51125,0
2020-02-20,16,77.512,0
2020-02-20,17,77.51175,0
2020-02-20,18,77.51050000000001,0
2020-02-20,19,77.51075,0
2020-02-20,20,77.51025,0
2020-02-20,21,77.51025,0
2020-02-20,22,77.509,0
2020-02-20,23,77.5095,0
2020-02-21,00,77.50925000000001,0
2020-02-21,01,77.509,0
2020-02-21,02,77.509,0
2020-02-21,03,77.50874999999999,0
2020-02-21,04,77.5085,0
2020-02-21,05,77.5075,0
2020-02-21,06,77.508,0
2020-02-21,07,77.508,0
2020-02-21,08,77.5075,0
2020-02-21,09,77.5075,0
2020-02-21,10,77.506,0
2020-02-21,11,77.50625,0
2020-02-21,12,77.506,0
2020-02-21,13,77.50775,0
2020-02-21,14,77.50475,0
2020-02-21,15,77.50625,0
2020-02-21,16,77.50450000000001,0
2020-02-21,17,77.504,0
2020-02-21,18,77.50475,0
2020-02-21,19,77.50325,0
2020-02-21,20,77.5025,0
2020-02-21,21,77.503,0
2020-02-21,22,77.50175,0
2020-02-21,23,77.502,0
2020-02-22,00,77.50175,0
2020-02-22,01,77.50075000000001,0
2020-02-22,02,77.5015,0
2020-02-22,03,77.5005,0
2020-02-22,04,77.5005,0
2020-02-22,05,77.4995,0
2020-02-22,06,77.49975,0
2020-02-22,07,77.5,0
2020-02-22,08,77.49925,0
2020-02-22,09,77.499,0
2020-02-22,10,77.4985,0
2020-02-22,11,77.498,0
2020-02-22,12,77.49775,0
2020-02-22,13,77.49775,0
2020-02-22,14,77.498,0
2020-02-22,15,77.49775,0
2020-02-22,16,77.49725000000001,0
2020-02-22,17,77.49725000000001,0
2020-02-22,18,77.497,0
2020-02-22,19,77.497,0
2020-02-22,20,77.49625,0
2020-02-22,21,77.496,0
2020-02-22,22,77.49674999999999,0
2020-02-22,23,77.49575,0
2020-02-23,00,77.496,0
2020-02-23,01,77.496,0
2020-02-23,02,77.495,0
2020-02-23,03,77.49549999999999,0
2020-02-23,04,77.49549999999999,0
2020-02-23,05,77.496,0
2020-02-23,06,77.495,0
2020-02-23,07,77.49475000000001,0
2020-02-23,08,77.49375,0
2020-02-23,09,77.49275,0
2020-02-23,10,77.49375,0
2020-02-23,11,77.49325,0
2020-02-23,12,77.493,0
2020-02-23,13,77.49249999999999,0
2020-02-23,14,77.4905,0
2020-02-23,15,77.4935,0
2020-02-23,16,77.49074999999999,0
2020-02-23,17,77.4905,0
2020-02-23,18,77.4915,0
2020-02-23,19,77.49025,0
2020-02-23,20,77.49025,0
2020-02-23,21,77.491,0
2020-02-23,22,77.48975,0
2020-02-23,23,77.48925,0
2020-02-24,00,77.49000000000001,0
2020-02-24,01,77.4905,0
2020-02-24,02,77.48975,0
2020-02-24,03,77.48975,0
2020-02-24,04,77.48975,0
2020-02-24,05,77.48949999999999,0
2020-02-24,06,77.49,0
2020-02-24,07,77.48975,0
2020-02-24,08,77.48949999999999,0
2020-02-24,09,77.488,0
2020-02-24,10,77.489,0
2020-02-24,11,77.48875,0
2020-02-24,12,77.489,0
2020-02-24,13,77.4875,0
2020-02-24,14,77.488,0
2020-02-24,15,77.48675,0
2020-02-24,16,77.48625,0
2020-02-24,17,77.48725,0
2020-02-24,18,77.48625,0
2020-02-24,19,77.48675,0
2020-02-24,20,77.48675,0
2020-02-24,21,77.48675,0
2020-02-24,22,77.48675,0
2020-02-24,23,77.48675,0
2020-02-25,00,77.487,0
2020-02-25,01,77.48625,0
2020-02-25,02,77.48625,0
2020-02-25,03,77.4865,0
2020-02-25,04,77.486,0
2020-02-25,05,77.486,0
2020-02-25,06,77.48625,0
2020-02-25,07,77.486,0
2020-02-25,08,77.48525000000001,0
2020-02-25,09,77.4845,0
2020-02-25,10,77.48425,0
2020-02-25,11,77.48599999999999,0
2020-02-25,12,77.4845,0
2020-02-25,13,77.48425,0
2020-02-25,14,77.48225,0
2020-02-25,15,77.48175,0
2020-02-25,16,77.48325,0
2020-02-25,17,77.48175,0
2020-02-25,18,77.48225,0
2020-02-25,19,77.48275,0
2020-02-25,20,77.48124999999999,0
2020-02-25,21,77.481,0
2020-02-25,22,77.48075,0
2020-02-25,23,77.4815,0
2020-02-26,00,77.48025,0
2020-02-26,01,77.48,0
2020-02-26,02,77.48025,0
2020-02-26,03,77.47999999999999,0
2020-02-26,04,77.4795,0
2020-02-26,05,77.47825,0
2020-02-26,06,77.47874999999999,0
2020-02-26,07,77.4795,0
2020-02-26,08,77.47975,0
2020-02-26,09,77.4785,0
2020-02-26,10,77.4795,0
2020-02-26,11,77.4765,0
2020-02-26,12,77.47725,0
2020-02-26,13,77.479,0
2020-02-26,14,77.47625,0
2020-02-26,15,77.476,0
2020-02-26,16,77.47375,0
2020-02-26,17,77.4725,0
2020-02-26,18,77.47425,0
2020-02-26,19,77.473,0
2020-02-26,20,77.47274999999999,0
2020-02-26,21,77.472,0
2020-02-26,22,77.47175,0
2020-02-26,23,77.471,0
2020-02-27,00,77.47075000000001,0
2020-02-27,01,77.471,0
2020-02-27,02,77.471,0
2020-02-27,03,77.47,0
2020-02-27,04,77.4695,0
2020-02-27,05,77.46924999999999,0
2020-02-27,06,77.46875,0
2020-02-27,07,77.468,0
2020-02-27,08,77.46875,0
2020-02-27,09,77.48725,0
2020-02-27,10,77.48025,0
2020-02-27,11,77.48025,0
2020-02-27,12,77.479,0
2020-02-27,13,77.47825,0
2020-02-27,14,77.47775,0
2020-02-27,15,77.47825,0
2020-02-27,16,77.476,0
2020-02-27,17,77.47575,0
2020-02-27,18,77.4765,0
2020-02-27,19,77.475,0
2020-02-27,20,77.4735,0
2020-02-27,21,77.47425,0
2020-02-27,22,77.47375,0
2020-02-27,23,77.473,0
2020-02-28,00,77.47325000000001,0
2020-02-28,01,77.47274999999999,0
2020-02-28,02,77.47274999999999,0
2020-02-28,03,77.473,0
2020-02-28,04,77.47274999999999,0
2020-02-28,05,77.47225,0
2020-02-28,06,77.47175,0
2020-02-28,07,77.4725,0
2020-02-28,08,77.47149999999999,0
2020-02-28,09,77.47325000000001,0
2020-02-28,10,77.4725,0
2020-02-28,11,77.47,0
2020-02-28,12,77.4705,0
2020-02-28,13,77.46975,0
2020-02-28,14,77.47075000000001,0
2020-02-28,15,77.47125,0
2020-02-28,16,77.46925,0
2020-02-28,17,77.468,0
2020-02-28,18,77.4685,0
2020-02-28,19,77.46775,0
2020-02-28,20,77.468,0
2020-02-28,21,77.46725,0
2020-02-28,22,77.467,0
2020-02-28,23,77.46674999999999,0
2020-02-29,00,77.46625,0
2020-02-29,01,77.46375,0
2020-02-29,02,77.4635,0
2020-02-29,03,77.46324999999999,0
2020-02-29,04,77.46324999999999,0
2020-02-29,05,77.463,0
2020-02-29,06,77.4625,0
2020-02-29,07,77.463,0
2020-02-29,08,77.46225,0
2020-02-29,09,77.46225,0
2020-02-29,10,77.46225,0
2020-02-29,11,77.461,0
2020-02-29,12,77.46175,0
2020-02-29,13,77.4605,0
2020-02-29,14,77.4605,0
2020-02-29,15,77.45975,0
2020-02-29,16,77.46025,0
2020-02-29,17,77.459,0
2020-02-29,18,77.45925,0
2020-02-29,19,77.459,0
2020-02-29,20,77.45925,0
2020-02-29,21,77.45875000000001,0
2020-02-29,22,77.45875000000001,0
2020-02-29,23,77.45875000000001,0
2020-03-01,00,77.4585,0
2020-03-01,01,77.4585,0
2020-03-01,02,77.45775,0
2020-03-01,03,77.458,0
2020-03-01,04,77.458,0
2020-03-01,05,77.4575,0
2020-03-01,06,77.457,0
2020-03-01,07,77.4575,0
2020-03-01,08,77.45675,0
2020-03-01,09,77.4565,0
2020-03-01,10,77.456,0
2020-03-01,11,77.4565,0
2020-03-01,12,77.45525,0
2020-03-01,13,77.45425,0
2020-03-01,14,77.45375,0
2020-03-01,15,77.4535,0
2020-03-01,16,77.452,0
2020-03-01,17,77.45224999999999,0
2020-03-01,18,77.452,0
2020-03-01,19,77.45175,0
2020-03-01,20,77.45175,0
2020-03-01,21,77.451,0
2020-03-01,22,77.45175,0
2020-03-01,23,77.45175,0
2020-03-02,00,77.45075,0
2020-03-02,01,77.451,0
2020-03-02,02,77.4495,0
2020-03-02,03,77.44924999999999,0
2020-03-02,04,77.4495,0
2020-03-02,05,77.44925,0
2020-03-02,06,77.449,0
2020-03-02,07,77.449,0
2020-03-02,08,77.45,0
2020-03-02,09,77.449,0
2020-03-02,10,77.447,0
2020-03-02,11,77.44624999999999,0
2020-03-02,12,77.44575,0
2020-03-02,13,77.444,0
2020-03-02,14,77.44575,0
2020-03-02,15,77.4445,0
2020-03-02,16,77.4435,0
2020-03-02,17,77.44325,0
2020-03-02,18,77.443,0
2020-03-02,19,77.44275,0
2020-03-02,20,77.442,0
2020-03-02,21,77.44175,0
2020-03-02,22,77.44175,0
2020-03-02,23,77.44125,0
2020-03-03,00,77.441,0
2020-03-03,01,77.44075000000001,0
2020-03-03,02,77.4405,0
2020-03-03,03,77.44024999999999,0
2020-03-03,04,77.44,0
2020-03-03,05,77.43924999999999,0
2020-03-03,06,77.43924999999999,0
2020-03-03,07,77.439,0
2020-03-03,08,77.4395,0
2020-03-03,09,77.439,0
2020-03-03,10,77.4395,0
2020-03-03,11,77.437,0
2020-03-03,12,77.437,0
2020-03-03,13,77.43675,0
2020-03-03,14,77.436,0
2020-03-03,15,77.43575,0
2020-03-03,16,77.436,0
2020-03-03,17,77.437,0
2020-03-03,18,77.4355,0
2020-03-03,19,77.43525,0
2020-03-03,20,77.436,0
2020-03-03,21,77.43625,0
2020-03-03,22,77.43525,0
2020-03-03,23,77.43525,0
2020-03-04,00,77.43475000000001,0
2020-03-04,01,77.43475000000001,0
2020-03-04,02,77.43475000000001,0
2020-03-04,03,77.43475000000001,0
2020-03-04,04,77.43475000000001,0
2020-03-04,05,77.434,0
2020-03-04,06,77.434,0
2020-03-04,07,77.43350000000001,0
2020-03-04,08,77.433,0
2020-03-04,09,77.43325,0
2020-03-04,10,77.43425,0
2020-03-04,11,77.43675,0
2020-03-04,12,77.43775,0
2020-03-04,13,77.438,0
2020-03-04,14,77.43925,0
2020-03-04,15,77.44,0
2020-03-04,16,77.44175,0
2020-03-04,17,77.44225,0
2020-03-04,18,77.4425,0
2020-03-04,19,77.4445,0
2020-03-04,20,77.44825,0
2020-03-04,21,77.4505,0
2020-03-04,22,77.45224999999999,0
2020-03-04,23,77.45325,0
2020-03-05,00,77.453,0
2020-03-05,01,77.453,0
2020-03-05,02,77.45349999999999,0
2020-03-05,03,77.453,0
2020-03-05,04,77.45349999999999,0
2020-03-05,05,77.45325,0
2020-03-05,06,77.453,0
2020-03-05,07,77.45325,0
2020-03-05,08,77.45325,0
2020-03-05,09,77.45349999999999,0
2020-03-05,10,77.45349999999999,0
2020-03-05,11,77.455,0
2020-03-05,12,77.45474999999999,0
2020-03-05,13,77.453,0
2020-03-05,14,77.45349999999999,0
2020-03-05,15,77.45325,0
2020-03-05,16,77.45325,0
2020-03-05,17,77.453,0
2020-03-05,18,77.453,0
2020-03-05,19,77.45275000000001,0
2020-03-05,20,77.453,0
2020-03-05,21,77.4525,0
2020-03-05,22,77.45275000000001,0
2020-03-05,23,77.45275000000001,0
2020-03-06,00,77.45275000000001,0
2020-03-06,01,77.45275000000001,0
2020-03-06,02,77.4525,0
2020-03-06,03,77.45275000000001,0
2020-03-06,04,77.4525,0
2020-03-06,05,77.45275000000001,0
2020-03-06,06,77.453,0
2020-03-06,07,77.4525,0
2020-03-06,08,77.45275000000001,0
2020-03-06,09,77.45174999999999,0
2020-03-06,10,77.451,0
2020-03-06,11,77.45075,0
2020-03-06,12,77.45075,0
2020-03-06,13,77.451,0
2020-03-06,14,77.4515,0
2020-03-06,15,77.45150000000001,0
2020-03-06,16,77.45,0
2020-03-06,17,77.45025,0
2020-03-06,18,77.4495,0
2020-03-06,19,77.448,0
2020-03-06,20,77.4485,0
2020-03-06,21,77.44825,0
2020-03-06,22,77.448,0
2020-03-06,23,77.4475,0
2020-03-07,00,77.44725,0
2020-03-07,01,77.447,0
2020-03-07,02,77.447,0
2020-03-07,03,77.44675000000001,0
2020-03-07,04,77.447,0
2020-03-07,05,77.446,0
2020-03-07,06,77.44675000000001,0
2020-03-07,07,77.447,0
2020-03-07,08,77.447,0
2020-03-07,09,77.4465,0
2020-03-07,10,77.446,0
2020-03-07,11,77.44525,0
2020-03-07,12,77.44449999999999,0
2020-03-07,13,77.44525,0
2020-03-07,14,77.444,0
2020-03-07,15,77.44475,0
2020-03-07,16,77.44425,0
2020-03-07,17,77.44375,0
2020-03-07,18,77.44325,0
2020-03-07,19,77.442,0
2020-03-07,20,77.44274999999999,0
2020-03-07,21,77.442,0
2020-03-07,22,77.44149999999999,0
2020-03-07,23,77.44125,0
2020-03-08,00,77.441,0
2020-03-08,01,77.44149999999999,0
2020-03-08,02,77.44075000000001,0
2020-03-08,03,77.44075000000001,0
2020-03-08,04,77.4405,0
2020-03-08,05,77.441,0
2020-03-08,06,77.44075000000001,0
2020-03-08,07,77.44075000000001,0
2020-03-08,08,77.44075000000001,0
2020-03-08,09,77.4405,0
2020-03-08,10,77.44,0
2020-03-08,11,77.43924999999999,0
2020-03-08,12,77.44024999999999,0
2020-03-08,13,77.439,0
2020-03-08,14,77.43925,0
2020-03-08,15,77.44,0
2020-03-08,16,77.43825,0
2020-03-08,17,77.43775,0
2020-03-08,18,77.4375,0
2020-03-08,19,77.437,0
2020-03-08,20,77.43725,0
2020-03-08,21,77.43725,0
2020-03-08,22,77.43675,0
2020-03-08,23,77.43675,0
2020-03-09,00,77.437,0
2020-03-09,01,77.43675,0
2020-03-09,02,77.43675,0
2020-03-09,03,77.43525,0
2020-03-09,04,77.4355,0
2020-03-09,05,77.43475000000001,0
2020-03-09,06,77.43525,0
2020-03-09,07,77.435,0
2020-03-09,08,77.4355,0
2020-03-09,09,77.435,0
2020-03-09,10,77.43375,0
2020-03-09,11,77.4335,0
2020-03-09,12,77.43225000000001,0
2020-03-09,13,77.433,0
2020-03-09,14,77.4325,0
2020-03-09,15,77.432,0
2020-03-09,16,77.43175,0
2020-03-09,17,77.4315,0
2020-03-09,18,77.43125,0
2020-03-09,19,77.431,0
2020-03-09,20,77.43125,0
2020-03-09,21,77.432,0
2020-03-09,22,77.4315,0
2020-03-09,23,77.43100000000001,0
2020-03-10,00,77.431,0
2020-03-10,01,77.431,0
2020-03-10,02,77.43075,0
2020-03-10,03,77.431,0
2020-03-10,04,77.42925,0
2020-03-10,05,77.42925,0
2020-03-10,06,77.42975,0
2020-03-10,07,77.4295,0
2020-03-10,08,77.4295,0
2020-03-10,09,77.42875000000001,0
2020-03-10,10,77.42875000000001,0
2020-03-10,11,77.429,0
2020-03-10,12,77.4285,0
2020-03-10,13,77.42775,0
2020-03-10,14,77.428,0
2020-03-10,15,77.42725,0
2020-03-10,16,77.42750000000001,0
2020-03-10,17,77.42775,0
2020-03-10,18,77.42750000000001,0
2020-03-10,19,77.4265,0
2020-03-10,20,77.4265,0
2020-03-10,21,77.42625000000001,0
2020-03-10,22,77.4265,0
2020-03-10,23,77.4265,0
2020-03-11,00,77.4265,0
2020-03-11,01,77.426,0
2020-03-11,02,77.42625000000001,0
2020-03-11,03,77.426,0
2020-03-11,04,77.42575,0
2020-03-11,05,77.426,0
2020-03-11,06,77.4255,0
2020-03-11,07,77.4255,0
2020-03-11,08,77.4255,0
2020-03-11,09,77.42525,0
2020-03-11,10,77.4255,0
2020-03-11,11,77.42375,0
2020-03-11,12,77.4235,0
2020-03-11,13,77.424,0
2020-03-11,14,77.42325,0
2020-03-11,15,77.42250000000001,0
2020-03-11,16,77.42125,0
2020-03-11,17,77.42275000000001,0
2020-03-11,18,77.42225,0
2020-03-11,19,77.42150000000001,0
2020-03-11,20,77.421,0
2020-03-11,21,77.421,0
2020-03-11,22,77.42125,0
2020-03-11,23,77.421,0
2020-03-12,00,77.42125,0
2020-03-12,01,77.421,0
2020-03-12,02,77.42075,0
2020-03-12,03,77.4205,0
2020-03-12,04,77.42075,0
2020-03-12,05,77.4205,0
2020-03-12,06,77.42075,0
2020-03-12,07,77.42,0
2020-03-12,08,77.4195,0
2020-03-12,09,77.41975,0
2020-03-12,10,77.4195,0
2020-03-12,11,77.418,0
2020-03-12,12,77.41575,0
2020-03-12,13,77.4175,0
2020-03-12,14,77.41875,0
2020-03-12,15,77.4165,0
2020-03-12,16,77.41625,0
2020-03-12,17,77.41675000000001,0
2020-03-12,18,77.417,0
2020-03-12,19,77.41675000000001,0
2020-03-12,20,77.41575,0
2020-03-12,21,77.41575,0
2020-03-12,22,77.41550000000001,0
2020-03-12,23,77.41575,0
2020-03-13,00,77.41550000000001,0
2020-03-13,01,77.41575,0
2020-03-13,02,77.41550000000001,0
2020-03-13,03,77.415,0
2020-03-13,04,77.41525,0
2020-03-13,05,77.415,0
2020-03-13,06,77.41525,0
2020-03-13,07,77.41475,0
2020-03-13,08,77.41475,0
2020-03-13,09,77.4145,0
2020-03-13,10,77.41425000000001,0
2020-03-13,11,77.413,0
2020-03-13,12,77.414,0
2020-03-13,13,77.4125,0
2020-03-13,14,77.41175,0
2020-03-13,15,77.41375,0
2020-03-13,16,77.412,0
2020-03-13,17,77.41425,0
2020-03-13,18,77.4145,0
2020-03-13,19,77.41300000000001,0
2020-03-13,20,77.41275,0
2020-03-13,21,77.4125,0
2020-03-13,22,77.41149999999999,0
2020-03-13,23,77.411,0
2020-03-14,00,77.4105,0
2020-03-14,01,77.4085,0
2020-03-14,02,77.4085,0
2020-03-14,03,77.409,0
2020-03-14,04,77.4085,0
2020-03-14,05,77.408,0
2020-03-14,06,77.40625,0
2020-03-14,07,77.4075,0
2020-03-14,08,77.40675,0
2020-03-14,09,77.4075,0
2020-03-14,10,77.4075,0
2020-03-14,11,77.40725,0
2020-03-14,12,77.40675,0
2020-03-14,13,77.4065,0
2020-03-14,14,77.40325,0
2020-03-14,15,77.40525,0
2020-03-14,16,77.406,0
2020-03-14,17,77.40375,0
2020-03-14,18,77.402,0
2020-03-14,19,77.4015,0
2020-03-14,20,77.40225000000001,0
2020-03-14,21,77.401,0
2020-03-14,22,77.4,0
2020-03-14,23,77.3995,0
2020-03-15,00,77.39875,0
2020-03-15,01,77.39875,0
2020-03-15,02,77.3985,0
2020-03-15,03,77.39875,0
2020-03-15,04,77.399,0
2020-03-15,05,77.399,0
2020-03-15,06,77.399,0
2020-03-15,07,77.39875,0
2020-03-15,08,77.399,0
2020-03-15,09,77.39875,0
2020-03-15,10,77.39750000000001,0
2020-03-15,11,77.3955,0
2020-03-15,12,77.39675,0
2020-03-15,13,77.39675,0
2020-03-15,14,77.397,0
2020-03-15,15,77.395,0
2020-03-15,16,77.39625000000001,0
2020-03-15,17,77.39475,0
2020-03-15,18,77.39475,0
2020-03-15,19,77.39450000000001,0
2020-03-15,20,77.394,0
2020-03-15,21,77.3935,0
2020-03-15,22,77.393,0
2020-03-15,23,77.3935,0
2020-03-16,00,77.39325,0
2020-03-16,01,77.39325,0
2020-03-16,02,77.393,0
2020-03-16,03,77.393,0
2020-03-16,04,77.393,0
2020-03-16,05,77.39275,0
2020-03-16,06,77.39275,0
2020-03-16,07,77.39275,0
2020-03-16,08,77.39275,0
2020-03-16,09,77.39275,0
2020-03-16,10,77.39150000000001,0
2020-03-16,11,77.392,0
2020-03-16,12,77.392,0
2020-03-16,13,77.39125,0
2020-03-16,14,77.3905,0
2020-03-16,15,77.39075,0
2020-03-16,16,77.39125,0
2020-03-16,17,77.3895,0
2020-03-16,18,77.38974999999999,0
2020-03-16,19,77.39,0
2020-03-16,20,77.38974999999999,0
2020-03-16,21,77.39,0
2020-03-16,22,77.38974999999999,0
2020-03-16,23,77.39025000000001,0
2020-03-17,00,77.38974999999999,0
2020-03-17,01,77.39,0
2020-03-17,02,77.3895,0
2020-03-17,03,77.38974999999999,0
2020-03-17,04,77.38974999999999,0
2020-03-17,05,77.3895,0
2020-03-17,06,77.389,0
2020-03-17,07,77.38925,0
2020-03-17,08,77.3895,0
2020-03-17,09,77.38725,0
2020-03-17,10,77.3895,0
2020-03-17,11,77.38875,0
2020-03-17,12,77.38775,0
2020-03-17,13,77.38625,0
2020-03-17,14,77.3855,0
2020-03-17,15,77.3865,0
2020-03-17,16,77.38575,0
2020-03-17,17,77.38525,0
2020-03-17,18,77.38525,0
2020-03-17,19,77.38525,0
2020-03-17,20,77.38550000000001,0
2020-03-17,21,77.38525,0
2020-03-17,22,77.38525,0
2020-03-17,23,77.38525,0
2020-03-18,00,77.38525,0
2020-03-18,01,77.38525,0
2020-03-18,02,77.385,0
2020-03-18,03,77.38525,0
2020-03-18,04,77.38550000000001,0
2020-03-18,05,77.38525,0
2020-03-18,06,77.38550000000001,0
2020-03-18,07,77.38525,0
2020-03-18,08,77.38525,0
2020-03-18,09,77.38425,0
2020-03-18,10,77.38475,0
2020-03-18,11,77.38475,0
2020-03-18,12,77.38250000000001,0
2020-03-18,13,77.38375,0
2020-03-18,14,77.38175,0
2020-03-18,15,77.38175,0
2020-03-18,16,77.38275,0
2020-03-18,17,77.382,0
2020-03-18,18,77.38125,0
2020-03-18,19,77.38125,0
2020-03-18,20,77.38125,0
2020-03-18,21,77.38125,0
2020-03-18,22,77.382,0
2020-03-18,23,77.382,0
2020-03-19,00,77.381,0
2020-03-19,01,77.3815,0
2020-03-19,02,77.38125,0
2020-03-19,03,77.38125,0
2020-03-19,04,77.38125,0
2020-03-19,05,77.3815,0
2020-03-19,06,77.381,0
2020-03-19,07,77.38075,0
2020-03-19,08,77.38075,0
2020-03-19,09,77.38075,0
2020-03-19,10,77.3815,0
2020-03-19,11,77.3815,0
2020-03-19,12,77.37825,0
2020-03-19,13,77.37774999999999,0
2020-03-19,14,77.3775,0
2020-03-19,15,77.37875,0
2020-03-19,16,77.3765,0
2020-03-19,17,77.37675,0
2020-03-19,18,77.3765,0
2020-03-19,19,77.37725,0
2020-03-19,20,77.377,0
2020-03-19,21,77.37575000000001,0
2020-03-19,22,77.37625,0
2020-03-19,23,77.37525,0
2020-03-20,00,77.3755,0
2020-03-20,01,77.3755,0
2020-03-20,02,77.37525,0
2020-03-20,03,77.375,0
2020-03-20,04,77.37475,0
2020-03-20,05,77.37475,0
2020-03-20,06,77.37375,0
2020-03-20,07,77.374,0
2020-03-20,09,0.0,0
2020-03-20,12,77.374,0
2020-03-20,13,77.374,0
